First_Name,Second_Name,Club,Goals_Scored,Assists,Total_Points,Minutes,Saves,Goals_Conceded,Creativity,Influence,Threat,Bonus,BPS,ICT_Index,Clean_Sheets,Red_Cards,Yellow_Cards,Position
Bruno,Fernandes,MUN,18,14,244,3101,0,36,1414.9,1292.6,1253,36,870,396.2,13,0,6,MID
Harry,Kane,TOT,23,14,242,3083,0,39,659.1,1318.2,1585,40,880,355.9,12,0,1,FWD
Mohamed,Salah,LIV,22,6,231,3077,0,41,825.7,1056,1980,21,657,385.8,11,0,0,MID
Heung-Min,Son,TOT,17,11,228,3119,0,36,1049.9,1052.2,1046,26,777,315.2,13,0,0,MID
Patrick,Bamford,LEE,17,11,194,3052,0,50,371,867.2,1512,26,631,274.6,10,0,3,FWD
Jamie,Vardy,LEI,15,14,187,2838,0,44,356.6,819.2,1306,23,649,248.3,8,0,1,FWD
Emiliano,Martinez,AVL,0,0,186,3420,142,46,20,1067.2,0,27,825,108.5,15,0,1,GK
Sadio,Mane,LIV,11,11,176,2808,0,28,809.7,808.8,1535,14,513,315.5,12,0,3,MID
Marcus,Rashford,MUN,11,11,174,2917,0,39,682.1,793.2,1127,9,535,260.3,12,0,4,MID
Stuart,Dallas,LEE,8,3,171,3410,0,53,454.6,756.8,527,15,726,174.2,12,0,7,DEF
Ollie,Watkins,AVL,14,9,168,3328,0,46,610.4,815.4,1721,18,531,314,14,1,2,FWD
Dominic,Calvert-Lewin,EVE,16,6,165,2871,0,39,308,745.8,1439,21,528,249,11,0,3,FWD
Andrew,Robertson,LIV,1,8,161,3384,0,42,1129.3,754.4,359,19,834,224.5,12,0,2,DEF
Trent,Alexander-Arnold,LIV,2,8,160,3029,0,40,1238.8,789.6,529,26,761,255.7,10,0,2,DEF
Ederson,Moares,MCI,0,1,160,3240,66,28,10,586,0,3,696,59.6,19,0,3,GK
Jack,Harrison,LEE,8,10,160,2846,0,45,821.7,759.2,666,15,542,225.2,11,0,2,MID
Ilkay,Gundogan,MCI,13,4,157,2025,0,16,688.4,754.6,712,22,620,215.7,12,0,1,MID
James,Ward-Prowse,SOU,8,7,156,3420,0,68,971.2,940,355,17,772,226.5,9,0,5,MID
Illan,Meslier,LEE,0,0,154,3150,140,52,10,1026,0,20,774,103.7,11,0,0,GK
Raheem,Sterling,MCI,10,9,154,2534,0,23,584.1,663.4,1366,10,458,260.3,14,0,4,MID
Aaron,Cresswell,WHU,0,11,153,3170,0,41,898.6,669.4,96,21,730,166.8,11,0,3,DEF
Matheus,Pereira,WBA,11,7,153,2574,0,58,873.6,744,661,15,565,227.9,6,1,2,MID
Hugo,Lloris,TOT,0,0,149,3420,114,45,0,868,0,13,702,86.7,12,0,0,GK
Mason,Mount,CHE,6,7,147,2887,0,32,1336.9,770.4,954,16,599,306.3,14,0,2,MID
Tomas,Soucek,WHU,10,2,147,3420,0,47,271.1,889.8,925,16,555,208.8,11,1,7,MID
Riyad,Mahrez,MCI,9,8,145,1945,0,22,693.6,606,893,15,505,219.1,11,0,0,MID
Aaron,Wan-Bissaka,MUN,2,5,144,3060,0,36,498.2,785.4,159,11,729,144.1,13,0,3,DEF
Nick,Pope,BUR,0,0,144,2880,114,37,20,846.6,2,20,652,86.8,11,0,1,GK
Ruben,Dias,MCI,1,1,142,2843,0,21,91,651.6,218,12,656,96.3,17,0,4,DEF
Roberto,Firmino,LIV,9,8,141,2837,0,39,643.2,729.4,1415,15,615,278.8,10,0,2,FWD
Jarrod,Bowen,WHU,8,6,141,2556,0,33,493.5,529.8,812,8,434,183.7,9,0,0,MID
Kevin,De Bruyne,MCI,6,12,141,1995,0,17,1170.1,760.8,914,19,566,284.7,12,0,1,MID
Alisson,Becker,LIV,1,0,140,2970,84,32,0.1,776.4,17,13,660,79.4,10,0,1,GK
Sam,Johnstone,WBA,0,1,140,3330,166,74,10,1213.6,0,19,768,122.4,6,0,1,GK
Edouard,Mendy,CHE,0,0,140,2745,57,25,0,470.2,0,8,613,47.2,16,0,2,GK
Benjamin,Chilwell,CHE,3,6,139,2286,0,23,535.8,545,408,11,549,148.5,12,0,3,DEF
Joao,Cancelo,MCI,2,4,138,2298,0,21,673,569.8,394,18,610,163.7,14,1,5,DEF
Matt,Targett,AVL,0,4,138,3404,0,44,607,690.4,122,9,710,142.2,16,0,7,DEF
Chris,Wood,BUR,12,3,138,2741,0,43,323.2,595.8,1129,16,395,204,9,0,0,FWD
Che,Adams,SOU,9,7,137,2662,0,51,488.6,581.8,964,16,443,203.4,7,0,1,FWD
Wilfried,Zaha,CRY,11,4,136,2612,0,52,428.5,572.6,1003,11,362,200.4,6,0,6,MID
Phil,Foden,MCI,9,8,135,1607,0,16,545.8,580.8,734,17,479,186,6,0,0,MID
Jack,Grealish,AVL,6,12,135,2183,0,28,1029.6,707.4,917,13,531,265.3,12,0,6,MID
Bertrand,Traore,AVL,7,7,135,2315,0,31,530.6,528.4,917,7,407,197.6,11,0,1,MID
Callum,Wilson,NEW,12,6,134,2081,0,37,230.4,557.4,761,22,409,154.7,5,0,2,FWD
Lukasz,Fabianski,WHU,0,0,133,3150,103,44,0,745.2,0,11,634,74.4,10,0,2,GK
Raphael,Dias Belloli,LEE,6,10,133,2358,0,34,889.3,719.6,902,11,489,251.3,9,0,3,MID
James,Maddison,LEI,8,7,133,2093,0,28,770.3,588.4,668,12,473,202.5,10,0,4,MID
Youri,Tielemans,LEI,6,4,133,3356,0,50,788.2,840.4,462,11,633,209.1,11,0,6,MID
Rui Pedro,Patricio,WOL,0,0,132,3330,100,51,0,763.6,0,12,626,76.1,10,0,1,GK
Leandro,Trossard,BHA,5,6,132,2602,0,30,725.1,543.4,759,15,406,202.8,12,0,2,MID
Danny,Ings,SOU,12,4,131,2172,0,40,300.7,634.6,866,21,464,178.4,6,0,1,FWD
Bernd,Leno,ARS,0,0,131,3131,86,37,0,702.2,2,11,625,70.3,11,1,0,GK
Pierre-Emerick,Aubameyang,ARS,10,3,131,2330,0,26,361.5,493.8,823,11,358,167.4,10,0,2,MID
Lewis,Dunk,BHA,5,0,130,2932,0,40,136.7,720.4,443,17,626,130.2,11,2,5,DEF
Alexandre,Lacazette,ARS,13,3,129,1916,0,21,307.4,602.4,797,21,452,170.4,7,0,3,FWD
Vladimir,Coufal,WHU,0,9,128,3054,0,43,670.9,693.8,220,12,625,158.7,9,0,3,DEF
Tyrone,Mings,AVL,2,2,128,3194,0,42,97.3,798.4,293,8,633,119.3,14,1,4,DEF
John,Stones,MCI,4,0,128,1933,0,12,79.8,520,192,11,531,79,14,1,0,DEF
Timo,Werner,CHE,6,12,128,2598,0,29,532.4,514.8,1276,7,394,232.5,13,0,2,FWD
Kasper,Schmeichel,LEI,0,0,128,3420,88,50,0,769,0,6,631,76.9,11,0,0,GK
Michael,Keane,EVE,3,1,127,2989,0,43,87.8,814,243,13,649,114.5,11,0,4,DEF
Harvey,Barnes,LEI,9,5,126,1944,0,25,359,556.4,810,13,348,172.7,7,0,0,MID
Eberechi,Eze,CRY,4,8,125,2555,0,51,653.1,516.2,383,17,470,155.4,6,0,3,MID
Pablo,Fornals,WHU,5,7,125,2571,0,33,441.3,491.8,631,10,430,156.5,9,0,3,MID
Harry,Maguire,MUN,2,2,124,3047,0,36,133.6,701.4,428,8,632,126.3,13,0,11,DEF
Luke,Shaw,MUN,1,5,124,2653,0,33,1085.9,596,243,22,640,192.8,10,0,8,DEF
Alphonse,Areola,FUL,0,0,124,3240,116,48,0,876.2,0,9,637,87.4,9,0,2,GK
Vicente,Guaita,CRY,0,0,124,3330,106,64,0,819.4,0,15,639,82.2,8,0,2,GK
Pedro,Lomba Neto,WOL,5,8,124,2549,0,38,1007.3,594.2,722,10,492,232.5,9,0,4,MID
Richarlison,de Andrade,EVE,7,6,123,2862,0,38,359.7,576.4,1147,18,415,208.3,11,1,4,FWD
Aaron,Ramsdale,SHU,0,0,123,3420,146,63,20,1023,4,12,685,104.7,5,0,1,GK
Gylfi,Sigurdsson,EVE,6,5,122,2244,0,29,644.2,530.6,510,13,443,168.8,10,0,2,MID
Lucas,Digne,EVE,0,9,120,2681,0,42,704.2,592.6,136,18,590,143.5,9,1,2,DEF
Ezri,Konsa Ngoyo,AVL,2,0,119,3195,0,46,34.2,695.6,276,8,580,101,12,0,3,DEF
Michail,Antonio,WHU,10,5,118,1972,0,25,349.1,517.8,1038,19,345,190.1,6,0,3,FWD
Pascal,Gross,BHA,3,8,116,2479,0,28,1087.8,620.4,415,11,525,212.3,10,0,3,MID
Gabriel Fernando,de Jesus,MCI,9,5,115,2056,0,17,467.5,501,931,16,453,190,11,0,2,FWD
Stuart,Armstrong,SOU,4,7,115,2764,0,56,496.7,541.2,457,4,455,149.4,8,0,3,MID
Jordan,Pickford,EVE,0,0,114,2742,90,39,10.1,698.4,0,8,570,70.9,10,0,1,GK
Jorge Luiz,Frello Filho,CHE,7,2,114,2006,0,17,383.5,588.8,175,15,485,114.9,14,0,2,MID
John,McGinn,AVL,3,7,114,3330,0,46,600.5,579,361,2,492,154.1,14,0,12,MID
Nicolas,Pepe,ARS,10,3,114,1606,0,21,235.9,476.2,774,11,351,148.5,4,1,1,MID
Bukayo,Saka,ARS,5,5,114,2554,0,31,650.6,493,984,8,414,212.7,8,0,1,MID
Cesar,Azpilicueta,CHE,1,2,113,2187,0,20,413.3,502.2,164,12,518,107.9,13,1,5,DEF
Gareth,Bale,TOT,11,3,113,912,0,12,306.5,550.8,507,16,366,136.4,5,0,1,MID
Dwight,McNeil,BUR,2,5,113,3068,0,50,790.3,591.8,277,8,493,166.3,11,0,1,MID
Reece,James,CHE,1,3,112,2367,0,29,697.3,527.4,399,15,572,162.8,9,0,3,DEF
Ashley,Westwood,BUR,3,4,112,3410,0,55,843.2,559.2,156,5,585,156.1,11,0,7,MID
Anwar,El Ghazi,AVL,10,0,111,1604,0,22,426.1,500.4,726,13,339,165.1,5,0,2,MID
Ezgjan,Alioski,LEE,2,3,110,2456,0,35,423,477.8,281,7,449,118.5,10,0,7,DEF
Kelechi,Iheanacho,LEI,12,2,110,1452,0,23,413.9,540.2,814,18,424,176.5,5,0,1,FWD
Jonny,Evans,LEI,2,2,109,2473,0,31,129,532.4,115,12,536,77.9,10,0,7,DEF
Nelson,Semedo,WOL,1,3,109,2983,0,45,412.9,595.2,297,11,548,130.7,9,0,5,DEF
James,Tarkowski,BUR,1,0,109,3240,0,50,148,773.4,350,9,534,127.7,11,0,6,DEF
Kurt,Zouma,CHE,5,0,108,2027,0,25,72.6,577.8,339,6,481,99,9,0,3,DEF
Pierre-Emile,Hojbjerg,TOT,2,4,107,3420,0,45,308.7,728.8,146,6,578,118.4,12,0,9,MID
Ademola,Lookman,FUL,4,4,107,2746,0,33,884.6,514.2,928,8,367,232.7,10,0,5,MID
Conor,Coady,WOL,1,0,106,3303,0,51,40.1,692.2,85,7,606,82,10,0,5,DEF
Christian,Benteke,CRY,10,2,106,1808,0,34,236.5,512.6,1030,14,338,177.7,5,1,1,FWD
Mason,Greenwood,MUN,7,2,106,1813,0,23,278.7,370.8,881,9,318,152.7,7,0,2,MID
Jesse,Lingard,WHU,9,5,106,1423,0,19,288.2,487,530,15,332,130.4,4,0,3,MID
Rob,Holding,ARS,0,1,105,2557,0,26,76.1,602.6,97,10,536,77.7,11,0,2,DEF
Neal,Maupay,BHA,8,2,105,2508,0,34,443.2,442.2,1103,12,334,198.5,10,1,1,FWD
Ben,White,BHA,0,0,104,3192,0,44,152.5,488.6,153,5,571,79.7,12,1,3,DEF
Ruben,Neves,WOL,5,1,104,2670,0,42,455,697.2,445,10,502,159.9,8,0,8,MID
Matthew,Lowton,BUR,1,1,103,3060,0,47,380.8,551.2,125,6,545,105.8,10,0,5,DEF
Ola,Aina,FUL,2,1,102,2664,0,36,248.8,483.6,144,8,477,87.7,8,0,3,DEF
Victor,Lindelof,MUN,1,1,102,2585,0,30,102.6,503,56,3,527,66.4,10,0,0,DEF
Ben,Mee,BUR,2,0,102,2693,0,41,71.6,691,312,7,500,107.9,10,0,3,DEF
James,Justin,LEI,2,2,101,2070,0,25,290.7,472.2,195,13,447,96,9,0,4,DEF
Robert,Sanchez,BHA,0,0,101,2430,66,27,10,542.2,4,8,514,55.8,10,0,2,GK
James,Rodriguez,EVE,6,5,101,1763,0,27,585.6,499.2,399,11,432,148.7,5,0,4,MID
Tosin,Adarabioyo,FUL,0,1,100,2953,0,41,70.1,673.8,223,11,571,97.1,9,0,1,DEF
Luke,Ayling,LEE,0,0,100,3399,0,54,421.4,843.2,350,2,665,161.6,12,0,7,DEF
Ben,Godfrey,EVE,0,2,100,2683,0,35,84.3,610.4,152,7,537,84.8,11,0,4,DEF
Angelo,Ogbonna,WHU,3,0,100,2492,0,34,56.4,489.8,244,5,461,79.1,9,0,5,DEF
David,McGoldrick,SHU,8,1,100,2391,0,37,320.2,464.4,860,12,344,164.6,9,0,7,FWD
Romain,Saiss,WOL,3,0,99,2407,0,40,101.2,584.6,347,11,466,103.4,8,0,2,DEF
Edinson,Cavani,MUN,10,4,99,1364,0,18,203.3,443.4,513,14,367,115,4,0,4,FWD
Mateusz,Klich,LEE,4,5,99,2386,0,44,661.4,464.6,333,3,407,145.7,8,0,6,MID
Tanguy,Ndombele,TOT,3,3,99,2086,0,24,270.8,408,281,7,407,96.2,12,0,3,MID
Miguel,Almiron,NEW,4,2,97,2426,0,48,447.3,452.6,425,8,367,132.6,5,0,3,MID
Georginio,Wijnaldum,LIV,2,1,97,2938,0,39,387,358.2,307,3,482,105.1,10,0,1,MID
Kieran,Tierney,ARS,1,4,96,2299,0,27,490.1,446.4,201,4,483,113.9,8,0,4,DEF
Joel,Veltman,BHA,1,1,96,2280,0,27,366,484.4,169,10,432,102.1,9,0,3,DEF
Ferran,Torres,MCI,7,4,95,1297,0,13,276.4,352.2,543,4,265,117,7,0,1,MID
Jan,Bednarek,SOU,1,1,94,3100,0,62,75,692,164,11,584,93.1,9,1,5,DEF
Hector,Bellerin,ARS,1,3,94,2089,0,24,351.8,362.8,232,17,421,94.7,7,0,8,DEF
Timothy,Castagne,LEI,2,4,94,2345,0,37,350.2,486.6,181,7,479,101.7,6,0,1,DEF
Alex,McCarthy,SOU,0,0,94,2700,93,57,0,741.2,0,8,527,74,7,0,2,GK
Bernardo,Silva,MCI,2,7,94,2063,0,18,476.2,399.6,463,9,413,134.1,11,0,5,MID
Andros,Townsend,CRY,1,5,94,2250,0,37,694.6,511.4,311,8,378,152.1,7,0,0,MID
Adama,Traore,WOL,2,4,94,2640,0,41,751,475.4,645,5,359,187.2,7,0,4,MID
Joachim,Andersen,FUL,1,1,93,2729,0,36,109.3,582.8,151,7,501,84.5,9,1,6,DEF
Antonio,Rudiger,CHE,1,0,93,1710,0,10,83.8,368.6,201,9,429,65.4,11,0,0,DEF
Kyle,Walker-Peters,SOU,0,3,93,2646,0,41,262.2,497.6,316,7,498,107.5,9,0,4,DEF
Thiago,Silva,CHE,2,0,92,1935,0,25,84.9,537.8,223,10,481,84.5,10,1,3,DEF
Paul,Pogba,MUN,3,6,92,1892,0,26,376,451.4,401,11,355,122.5,5,0,3,MID
Kyle,Walker,MCI,1,1,91,1944,0,20,200.9,332.2,88,7,410,62.1,9,0,1,DEF
David,de Gea,MUN,0,0,91,2295,60,32,0,464.2,0,4,416,46.4,9,0,0,GK
Kai,Havertz,CHE,4,6,91,1512,0,15,307.7,325,514,3,268,114.2,8,0,2,MID
Rodrigo,Hernandez,MCI,2,2,91,2747,0,27,546.3,640.6,335,5,531,152.4,13,0,6,MID
Scott,McTominay,MUN,4,2,91,2124,0,25,270.5,523.2,314,4,413,110.9,9,0,3,MID
Matthew,Cash,AVL,0,2,89,2373,0,35,352.9,520.8,110,8,468,98.7,11,1,6,DEF
Sergio,Reguilon,TOT,0,6,89,2244,0,31,309.4,361.2,253,4,413,92.5,8,0,5,DEF
Rodrigo,Moreno,LEE,7,4,89,1279,0,21,409.7,398.4,617,16,341,142.4,3,0,3,FWD
Danny,Welbeck,BHA,6,4,89,1541,0,18,269.7,319.8,595,15,286,117.7,6,0,0,FWD
Toby,Alderweireld,TOT,1,0,88,2240,0,25,106.5,559.8,178,4,469,84.6,10,0,2,DEF
Bobby,Decordova-Reid,FUL,5,3,88,2367,0,32,254.1,384.8,503,6,343,114.1,9,0,7,FWD
Jannik,Vestergaard,SOU,3,1,86,2574,0,47,102.1,671.8,294,4,494,106.7,6,1,3,DEF
Diogo,Jota,LIV,9,0,86,1106,0,15,188.3,387.4,680,9,228,125.7,4,0,2,MID
Declan,Rice,WHU,2,1,86,2880,0,37,343.8,561.2,303,2,520,121.3,11,0,2,MID
Adam,Webster,BHA,1,0,85,2594,0,35,96.6,505.4,244,0,470,84.6,9,0,4,DEF
Ivan Ricardo,Neves Abreu Cavaleiro,FUL,3,0,85,2465,0,43,647.2,347,530,4,261,152.5,7,0,2,MID
Allan,Saint-Maximin,NEW,3,5,85,1554,0,26,394.2,376,418,5,278,118.9,7,0,0,MID
Charlie,Taylor,BUR,0,2,83,2425,0,42,248.5,494.4,52,5,451,79.5,8,0,1,DEF
Cheikhou,Kouyate,CRY,1,0,82,3121,0,56,103,574.8,134,2,438,81.3,8,0,4,MID
Christian,Pulisic,CHE,4,3,82,1731,0,21,378.8,361.4,724,3,264,146.2,7,0,2,MID
Seamus,Coleman,EVE,0,3,81,1607,0,19,268.2,322.6,189,4,371,78,8,0,0,DEF
Serge,Aurier,TOT,2,3,80,1605,0,22,267.6,412.2,194,4,370,87.4,6,0,0,DEF
Mason,Holgate,EVE,1,0,80,2286,0,32,126,432.2,80,4,426,64.1,9,0,9,DEF
Karl,Darlow,NEW,0,0,80,2250,88,43,0,682.4,0,6,450,68.3,4,0,3,GK
Abdoulaye,Doucoure,EVE,2,3,80,2443,0,36,319.4,433.8,267,2,421,102.1,9,0,6,MID
Lucas,Moura,TOT,3,5,80,1397,0,18,258.4,322.4,298,5,238,87.7,4,0,1,MID
Kyle,Bartley,WBA,3,1,79,2583,0,53,82.3,675.4,252,3,429,101,5,0,4,DEF
Darnell,Furlong,WBA,1,3,79,2931,0,63,275,474.4,276,2,393,102.7,6,0,5,DEF
Yerry,Mina,EVE,2,0,79,1936,0,22,23.5,496.2,200,7,399,72.3,6,0,2,DEF
Callum,Robinson,FUL,5,3,79,1552,0,42,251.3,259,365,8,276,86.6,3,0,0,FWD
Wilfred,Ndidi,LEI,1,4,79,2175,0,31,234.5,549.2,78,11,430,86.2,7,0,6,MID
Joseph,Willock,NEW,8,0,79,1210,0,18,137.2,436.6,401,5,254,97.3,4,0,1,MID
Ryan,Bertrand,SOU,0,2,78,2598,0,51,271.8,306.8,135,4,404,71.4,8,0,5,DEF
Gabriel,Maghalaes,ARS,2,0,78,1996,0,24,51,464.8,233,7,385,74.9,6,1,2,DEF
Marc,Albrighton,LEI,1,7,78,1735,0,22,544.2,412.6,282,3,325,123.9,4,0,2,MID
Willian,Borges Da Silva,ARS,1,7,78,1398,0,17,534.8,256.2,228,9,306,102.3,3,0,0,MID
Eric,Dier,TOT,0,0,77,2520,0,34,82.2,577,114,2,463,77.4,8,0,3,DEF
Yves,Bissouma,BHA,1,0,77,3112,0,42,295.5,523.6,196,2,487,101.1,11,1,8,MID
Leander,Dendoncker,WOL,1,2,77,2498,0,33,261.4,386.4,343,2,330,99.2,11,0,4,MID
Conor,Townsend,WBA,0,2,76,2234,0,36,343.8,440.2,154,8,402,93.7,6,0,0,DEF
Ross,Barkley,AVL,3,2,76,1566,0,24,579.3,274.2,431,4,286,128.6,8,0,0,MID
Theo,Walcott,SOU,3,4,76,1629,0,28,248,269.8,366,2,185,88,5,0,0,MID
Andre Frank,Zambo Anguissa,FUL,0,3,76,2581,0,40,409.4,507.6,312,4,391,123.1,6,0,6,MID
Craig,Dawson,WHU,3,0,75,1925,0,25,30.2,433.6,219,3,336,68.4,7,1,3,DEF
Anthony,Martial,MUN,4,7,75,1477,0,23,265.4,297.6,709,3,238,126.8,4,1,0,FWD
Daniel,Castelo Podence,WOL,3,2,75,1661,0,24,322,285.6,456,5,240,106.2,8,0,3,MID
Joelinton,de Lira,NEW,4,2,74,1979,0,36,250.1,357,612,5,258,122.2,3,0,3,FWD
Josh,Brownhill,BUR,0,1,74,2812,0,42,309.1,350.4,384,0,359,104.5,10,0,2,MID
Jonjo,Shelvey,NEW,1,3,74,2616,0,46,522.1,474.2,299,2,377,129.6,6,0,7,MID
Emile,Smith Rowe,ARS,2,5,74,1438,0,10,385.1,273.2,222,3,308,88.1,9,0,0,MID
Said,Benrahma,WHU,1,6,73,1376,0,19,371.9,301,371,4,255,104.6,3,0,0,MID
Joao,Santos Moutinho,WOL,1,1,73,2526,0,40,726.9,478.4,113,4,446,132.2,6,1,3,MID
Fabio,Silva,WOL,4,3,72,1352,0,29,166.1,238.2,758,5,198,114.9,0,0,2,FWD
Douglas Luiz,Soares de Paulo,AVL,0,2,72,2781,0,41,304.5,403.4,189,0,358,90,12,1,8,MID
Wesley,Fofana,LEI,0,1,71,2260,0,30,107.8,502,121,5,464,73.4,7,0,7,DEF
Pascal,Struijk,LEE,1,0,71,2072,0,32,66.3,513,222,2,402,80.1,7,0,3,DEF
Conor,Gallagher,WBA,2,2,71,2530,0,48,320.1,437.2,276,3,322,103.2,5,0,11,MID
Fabio Henrique,Tavares,LIV,0,2,71,2566,0,29,106.8,460.4,75,2,421,64.6,11,0,6,MID
Jordan,Ayew,CRY,1,4,70,2086,0,42,238.6,278.6,451,2,216,96.6,6,0,4,FWD
John,Fleck,SHU,0,3,70,2573,0,47,530.8,351,154,1,353,103.7,5,0,4,MID
Granit,Xhaka,ARS,1,2,70,2519,0,27,327.6,456,154,1,396,94,10,1,7,MID
Hakim,Ziyech,CHE,2,3,70,1164,0,7,485.6,274.8,369,8,239,112.8,10,0,3,MID
Oleksandr,Zinchenko,MCI,0,0,69,1473,0,14,295.7,272,134,5,353,70.3,8,0,0,DEF
Tammy,Abraham,CHE,6,2,69,1031,0,12,121.6,277.2,483,8,224,86.6,5,0,0,FWD
Solomon,March,BHA,2,2,69,1670,0,25,414.3,368.6,322,6,283,110.5,7,0,0,MID
Jacob,Murphy,NEW,2,3,69,1617,0,33,280.8,363.4,289,7,252,93.2,3,0,3,MID
Matt,Phillips,WBA,2,1,69,1815,0,42,388.2,290,319,3,234,99.9,3,0,1,MID
Harrison,Reed,FUL,0,3,69,2243,0,35,330.4,421.2,82,0,391,83.5,9,0,5,MID
Frederico,Rodrigues de Paula Santos,MUN,1,0,69,2389,0,25,395.6,482.6,200,1,404,108,12,0,5,MID
Willy,Boly,WOL,1,1,68,1879,0,29,46.1,414,182,4,364,64.2,6,0,2,DEF
Ainsley,Maitland-Niles,WBA,0,2,68,1714,0,23,128.9,218.2,142,1,273,48.8,6,0,2,DEF
Nathaniel,Phillips,LIV,1,1,68,1455,0,11,90.6,376.4,132,1,325,60.1,7,0,2,DEF
Kalvin,Phillips,LEE,1,2,67,2428,0,34,539.3,535.4,82,2,396,115.8,9,0,10,MID
Nathan,Redmond,SOU,2,3,67,1727,0,39,400.4,297,477,3,243,117.1,1,0,1,MID
Joel,Ward,CRY,0,1,66,2255,0,43,118.2,366.8,28,6,353,51.3,7,0,5,DEF
Ruben,Loftus-Cheek,FUL,1,0,66,1962,0,22,274.2,201.6,439,0,178,91.4,11,0,3,MID
Fernando,Luiz Rosa,MCI,0,2,65,1182,0,10,220.8,248.6,106,8,303,57.6,7,0,6,DEF
Alex,Iwobi,EVE,1,3,65,1530,0,21,263.1,262.6,233,1,256,76,5,0,0,MID
Jeffrey,Schlupp,CRY,2,3,65,1415,0,26,242.1,336.6,304,3,194,88.2,5,0,3,MID
Dan,Burn,BHA,1,0,64,2057,0,28,183.1,389,214,1,330,78.2,6,0,5,DEF
Jairo,Riedewald,CRY,2,0,64,1810,0,39,160.4,274,88,4,249,52.4,4,0,4,MID
George,Baldock,SHU,0,2,63,2787,0,51,310.7,351.4,234,2,347,89.7,4,0,7,DEF
Benjamin,Mendy,MCI,2,1,63,951,0,10,117.1,179.8,89,8,222,38.4,5,0,2,DEF
Aleksandar,Mitrovic,FUL,3,3,63,1389,0,24,323.8,245.6,697,7,178,124.9,1,0,3,FWD
Helder,Costa,LEE,3,4,63,1150,0,23,134.3,224.2,289,2,162,64.7,3,0,0,MID
Luka,Milivojevic,CRY,1,1,63,2357,0,47,329.6,410.8,143,3,332,88.4,7,1,8,MID
Matej,Vydra,BUR,3,2,62,1359,0,24,194,197.4,491,2,194,87.3,3,0,0,FWD
Daniel,Ceballos,ARS,0,4,62,1609,0,17,422.3,359.8,141,7,331,92.4,6,0,4,MID
N'Golo,Kante,CHE,0,2,62,2140,0,24,347.3,449,96,0,375,89.7,10,0,7,MID
Andreas,Christensen,CHE,0,0,61,1371,0,17,80.9,293.4,34,9,323,40.9,8,1,2,DEF
Liam,Cooper,LEE,1,0,59,2186,0,41,17.7,620.4,259,2,454,89.8,6,1,4,DEF
Calgar,Soyuncu,LEI,1,0,59,1816,0,30,114.4,403.6,157,3,360,67.7,5,0,2,DEF
Callum,Hudson-Odoi,CHE,2,3,59,1050,0,5,471.5,291.8,336,2,239,109.9,6,0,0,MID
Max,Kilman,WOL,0,1,58,1307,0,11,67.4,249.6,78,8,258,39.4,5,0,4,DEF
Aymeric,Laporte,MCI,0,0,58,1343,0,10,78,233.4,85,4,286,39.6,7,0,1,DEF
Tyrick,Mitchell,CRY,1,2,58,1710,0,32,76.8,387.6,60,5,287,52.5,4,0,1,DEF
Adam,Lallana,BHA,1,1,58,1584,0,18,355.7,255.2,302,2,265,91,5,0,0,MID
Ayoze,Perez,LEI,2,1,58,1322,0,21,323.6,255.6,482,2,149,106.1,5,0,2,MID
Marcos,Alonso,CHE,2,1,57,958,0,13,204.1,224.2,328,5,225,75.6,5,0,2,DEF
John,Egan,SHU,0,1,57,2628,0,48,50.9,544.6,150,4,410,74.5,4,1,7,DEF
Antonee,Robinson,FUL,0,0,57,2159,0,28,475.8,451.4,178,1,393,110.8,5,1,4,DEF
Mbaye,Diagne,WBA,3,5,57,1188,0,17,130.8,180,346,3,134,65.2,4,0,2,FWD
Enda,Stevens,SHU,0,1,56,2700,0,54,294.5,443.4,198,2,361,93.6,4,0,6,DEF
Jordan,Henderson,LIV,1,2,56,1704,0,23,262.3,358,108,2,345,72.9,4,0,0,MID
Mahmoud Ahmed,Ibrahim Hassan,AVL,2,1,56,1157,0,14,180.1,213.6,478,3,152,86.7,6,0,0,MID
Thiago,Alcantara,LIV,1,0,55,1851,0,18,460.3,378.8,178,1,331,101.9,8,0,4,MID
Steven,Bergwijn,TOT,1,4,55,1202,0,15,190.9,161.4,180,2,129,52.8,5,0,3,MID
Mario,Lemina,FUL,1,1,55,1696,0,27,169.5,294,134,3,267,59.9,3,0,5,MID
Rayan,Ait Nouri,WOL,1,1,54,1400,0,23,234.5,243.2,196,6,264,67.4,3,0,1,DEF
Patrick,van Aanholt,CRY,0,2,54,1775,0,36,195.3,298.6,198,5,313,69.1,4,0,2,DEF
Jay,Rodriguez,BUR,1,3,54,1248,0,25,97.4,149.8,449,2,125,68.9,4,0,3,FWD
Mateo,Kovacic,CHE,0,1,54,1809,0,26,384.8,332.4,153,0,332,87,9,0,4,MID
Oliver,Norwood,SHU,0,0,54,2214,0,43,516,415.8,57,0,355,99.1,5,0,6,MID
Gary,Cahill,CRY,1,1,53,1800,0,39,90.1,406.2,157,6,308,65.7,4,0,3,DEF
Federico,Fernandez,NEW,0,0,53,2080,0,38,91.3,522,64,6,376,67.5,5,0,4,DEF
Ben,Davies,TOT,0,2,52,1340,0,16,136.8,232.8,65,1,253,43.4,4,0,1,DEF
Ashley,Barnes,BUR,3,0,52,1324,0,19,243.6,153.8,548,7,107,93.8,6,0,4,FWD
Jeff,Hendrick,BUR,2,1,52,1418,0,24,99,211.4,95,3,177,40.3,3,1,1,MID
Matt,Ritchie,NEW,0,5,52,1347,0,22,411.9,225.8,101,5,226,73.8,3,0,2,MID
Oriol,Romeu Vidal,SOU,1,1,52,1762,0,25,229.1,349.2,98,4,264,67.6,6,0,6,MID
Oluwasemilogo,Ajayi,WBA,2,1,51,2779,0,71,88.3,574.8,202,2,342,86.4,1,1,3,DEF
Chris,Basham,SHU,0,1,51,2576,0,51,202.3,513.6,160,2,408,87.6,2,0,5,DEF
Ben,Osborn,SHU,1,0,51,1599,0,29,325.6,263.4,171,3,246,76.3,4,0,1,MID
Diego,Llorente,LEE,1,0,50,1203,0,12,51,293,115,3,255,46,4,0,1,DEF
Erik,Pieters,BUR,0,3,50,1260,0,19,77,199.4,63,5,203,34,3,0,1,DEF
Kenny,Tete,FUL,0,1,50,1477,0,27,312.4,330.8,98,3,288,74.2,5,0,3,DEF
Mohamed Naser,El Sayed Elneny,ARS,1,0,50,1538,0,20,99.9,200.2,79,3,258,37.8,5,0,3,MID
Johann Berg,Gudmundsson,BUR,2,0,50,1358,0,24,160.8,193.6,170,3,175,52.3,3,0,2,MID
Curtis,Jones,LIV,1,2,50,1169,0,14,233.4,224.6,289,0,226,74.8,5,0,2,MID
Tyler,Roberts,LEE,1,2,49,1330,0,19,239,189.4,296,0,169,72.5,4,0,3,MID
Martin,Dubravka,NEW,0,0,48,1170,45,19,0,346.8,0,6,255,34.6,3,0,0,GK
John,Lundstram,SHU,0,2,48,2027,0,41,346.9,245.4,206,2,244,79.3,3,1,8,MID
Alexis,Mac Allister,BHA,1,1,48,1108,0,14,210.6,170.6,235,3,148,61.5,5,0,1,MID
Takumi,Minamino,SOU,3,0,48,999,0,18,92.3,168.2,281,2,153,54,2,0,1,MID
Andre,Tavares Gomes,EVE,0,1,48,1559,0,22,244.5,189,103,0,224,53,5,0,3,MID
Matt,Doherty,TOT,0,2,47,1238,0,15,182.4,257.2,79,4,222,52,4,1,2,DEF
Olivier,Giroud,CHE,4,0,47,740,0,5,112,161.4,403,6,139,67.2,4,0,1,FWD
Tom,Davies,EVE,0,1,47,1417,0,23,112,205.6,30,1,209,34.7,5,0,3,MID
Allan,Marques Loureiro,EVE,0,0,47,2050,0,30,233.3,366.6,42,0,290,64.4,7,0,6,MID
Thomas,Partey,ARS,0,2,47,1529,0,18,195.7,289.4,129,0,273,61.7,6,0,5,MID
Ciaran,Clark,NEW,1,0,46,1890,0,35,29.8,402.6,105,2,291,53.9,3,0,3,DEF
Oliver,Burke,SHU,1,2,46,1260,0,21,191.8,113.8,364,0,114,65.9,1,0,2,MID
Moussa,Djenepo,SOU,1,2,46,1229,0,27,97.7,178,170,0,140,44.1,3,0,5,MID
Emil,Krafth,NEW,1,1,45,1286,0,27,87.7,240.4,88,0,222,41.6,5,0,4,DEF
James,McArthur,CRY,0,2,45,1465,0,26,202.2,285.2,65,3,228,55.2,4,0,3,MID
Ethan,Ampadu,SHU,0,0,44,2087,0,41,189.6,458,51,4,341,70.1,2,0,3,DEF
Jamaal,Lascelles,NEW,2,0,44,1625,0,32,38.1,345.2,161,3,229,54.7,2,0,4,DEF
Jamal,Lewis,NEW,0,1,44,1833,0,37,224.8,272.6,47,3,261,54.2,3,0,4,DEF
Oliver,McBurnie,SHU,1,2,44,1316,0,27,207.8,182.6,444,2,101,83.1,0,0,2,FWD
Dean,Henderson,LIV,0,0,44,1125,40,12,0,275.4,0,1,218,27.5,4,0,3,GK
Robbie,Brady,BUR,1,1,44,1047,0,6,133.9,174.2,168,3,157,47.2,7,0,3,MID
James,Milner,LIV,0,2,44,1056,0,10,242,200,108,2,204,55.2,4,0,3,MID
Moussa,Sissoko,TOT,0,0,44,1576,0,22,94.5,182.2,69,2,214,34.6,5,0,3,MID
Davinson,Sanchez,TOT,0,0,43,1486,0,22,20,319.2,114,3,256,45.5,4,0,1,DEF
Raul,Jimenez ,WOL,4,1,43,824,0,10,96.2,177.4,275,7,148,55,4,0,0,FWD
Daniel,James,MUN,3,1,43,907,0,7,145.7,186,285,1,145,61.5,4,0,3,MID
Issa,Diop,WHU,2,0,42,1379,0,22,17.4,375.6,48,1,234,44.3,2,0,3,DEF
Arthur,Masuaku,WHU,0,2,42,1006,0,15,200.5,187.4,62,4,209,45,4,0,2,DEF
Joel,Matip,LIV,1,2,42,690,0,5,42.4,179,84,5,194,30.6,3,0,2,DEF
David,Luiz,ARS,1,0,41,1396,0,20,46.7,250.6,144,0,230,43.9,3,1,1,DEF
Dara,O'Shea,WBA,0,0,41,2099,0,51,71.2,439.8,44,1,288,55.8,3,0,3,DEF
Jack,Stephens,SOU,0,0,41,1537,0,39,85.6,351,104,6,288,54.2,4,0,2,DEF
Michy,Batshuayi,CRY,2,2,41,717,0,15,113.5,132.8,210,2,113,45.5,2,0,0,FWD
Karlan,Grant,WBA,1,0,41,1120,0,26,63.8,93,259,3,104,41.2,3,0,1,FWD
Sebastian,Haller,WHU,3,0,41,932,0,12,131.6,169.6,361,4,113,66.2,3,0,0,FWD
Sean,Longstaff,NEW,0,1,41,1405,0,26,182.8,179.2,148,1,168,50.8,2,0,2,MID
Nampalys,Mendy,LEI,0,1,41,1452,0,25,118.7,153,23,0,234,29.6,4,0,5,MID
Paul,Dummett,NEW,1,0,40,1254,0,20,68.1,274.4,45,2,204,38.8,3,0,2,DEF
Willian,Jose,WOL,1,1,40,1106,0,13,165.9,89.6,256,3,131,50.9,5,0,0,FWD
Josh,Maja,FUL,3,0,40,804,0,9,103.2,138,314,5,123,55.3,5,0,0,FWD
Isaac,Hayden,NEW,0,0,40,1942,0,33,117.7,278,155,0,211,55.3,4,0,8,MID
Martin,Odegaard,ARS,1,2,40,861,0,12,322.8,169.8,167,3,183,65.9,3,0,0,MID
Fabian,Balbuena,WHU,1,0,39,1197,0,19,9,260.8,79,0,193,35,4,1,1,DEF
Jayden,Bogle,SHU,2,0,39,1107,0,20,72.7,217.6,278,0,151,57,2,0,2,DEF
Scott,Dann,CRY,1,1,39,1350,0,24,17,284.6,99,1,233,40.3,2,0,1,DEF
Billy,Sharp,SHU,3,0,39,725,0,15,68.1,121.2,162,6,101,34.9,0,0,1,FWD
Grady,Diangana,WBA,1,0,39,1230,0,33,102.3,169.4,162,0,113,43.4,1,0,0,MID
Ryan,Fraser,NEW,0,4,39,922,0,18,395,142.8,165,0,154,70.1,4,1,0,MID
Robin,Koch,LEE,0,0,38,1130,0,21,52.2,230.2,131,2,220,41.4,4,0,1,DEF
Sergio,Aguero,MCI,4,1,38,554,0,4,102.2,200.6,326,3,155,62.2,4,0,0,FWD
Aaron,Connolly,BHA,2,1,38,783,0,17,74.1,104.2,307,2,95,48.2,1,0,0,FWD
Mathew,Ryan,BHA,0,0,37,1260,24,21,10.7,193.6,2,0,216,20.6,3,0,1,GK
Dennis,Praet,LEI,1,2,37,714,0,11,132.1,119.2,120,1,129,36.9,3,0,0,MID
Calum,Chambers,ARS,0,3,36,751,0,10,169.4,171.8,77,3,168,41.9,2,0,0,DEF
Edward,Nketiah,ARS,2,1,36,411,0,6,97.3,116.6,211,5,120,42.1,1,0,0,FWD
Gabriel Teodoro,Martinelli Silva,ARS,2,1,36,582,0,3,133.8,142.6,300,0,107,57.5,4,0,0,MID
Nemanja,Matic,MUN,0,1,36,1101,0,18,149,218.4,80,0,223,44.7,4,0,2,MID
Nathan,Tella,SOU,1,2,36,735,0,11,86,94.6,203,2,76,38.2,2,0,2,MID
Tariq,Lamptey,BHA,1,3,35,887,0,15,162.9,147.8,156,2,156,46.7,2,1,2,DEF
Steven,Alzate,BHA,1,0,35,892,0,17,154.9,132.2,88,3,141,37.6,5,0,2,MID
Giovani,Lo Celso,TOT,1,1,35,939,0,10,222.8,169.2,155,0,149,54.3,5,0,5,MID
Pablo,Mari,ARS,0,0,34,900,0,8,26.4,163.2,16,1,182,20.6,4,0,2,DEF
Rhian,Brewster,SHU,0,0,34,1113,0,16,157.2,66.8,255,0,87,47.3,2,0,1,FWD
Okay,Yokuslu,WBA,0,1,34,1316,0,20,88.6,200,91,0,195,38,4,0,4,MID
Ahmed,El Mohamady,AVL,0,0,33,833,0,9,201.8,170.4,65,4,190,43.9,3,0,2,DEF
Jack,Cork,BUR,0,0,33,1350,0,24,126.2,140,82,0,154,34.9,4,0,2,MID
Romaine,Sawyers,WBA,0,0,33,1486,0,42,102.4,152.4,13,0,196,26.7,1,0,2,MID
Kortney,Hause,AVL,1,0,32,630,0,6,2.2,147,57,3,124,20.7,3,0,2,DEF
Jack,Robinson,SHU,0,2,32,875,0,11,27.7,148.2,46,3,149,22.2,2,0,3,DEF
Juan,Mata,MUN,1,3,32,507,0,6,132.8,108.4,86,3,126,32.7,1,0,0,MID
Donny,van de Beek,MUN,1,2,32,511,0,12,58.4,117,70,0,133,24.5,0,0,1,MID
Eric,Bailly,MUN,0,0,31,915,0,17,8.3,175.6,26,6,178,21.1,3,0,3,DEF
Dwight,Gayle,NEW,1,1,31,501,0,9,89.4,79.6,263,3,79,42.4,0,0,0,FWD
Sander,Berge,SHU,1,1,31,1119,0,23,181.7,178,138,1,152,49.8,0,0,4,MID
Ibrahima,Diallo,SOU,0,0,31,1010,0,22,143.2,120.4,66,0,132,32.9,3,0,3,MID
Fabian,Schar,NEW,1,0,30,1255,0,21,9,251,116,1,160,37.6,2,1,4,DEF
Andy,Carroll,NEW,1,1,30,380,0,8,37.1,64,187,3,78,27.7,1,0,1,FWD
Hal,Robson-Kanu,WBA,2,0,30,544,0,12,66.7,101.4,149,3,69,31.5,0,0,2,FWD
Fraser,Forster,SOU,0,0,30,720,20,11,0,191,0,0,147,19.1,2,0,0,GK
Bamidele,Alli,TOT,0,2,30,613,0,9,132.1,103.4,165,0,101,39.9,3,0,0,MID
Nathan,Ake,MCI,1,0,29,797,0,13,46.9,156,44,1,150,24.7,3,0,4,DEF
Kean,Bryan,SHU,1,0,29,1003,0,17,57.5,220.4,49,0,149,32.7,2,0,1,DEF
Nathaniel,Clyne,CRY,0,1,28,1145,0,22,84.3,150.8,34,0,172,27.2,2,0,2,DEF
Ryan,Fredericks,WHU,1,1,28,564,0,9,166.8,155.2,96,0,127,41.9,1,0,2,DEF
Javier,Manquillo,NEW,0,0,28,822,0,15,93.5,109.8,18,0,136,22.2,3,0,1,DEF
Cedric,Soares,ARS,0,1,28,744,0,11,114.8,110.8,66,3,125,29.2,2,0,1,DEF
Rhys,Williams,LIV,0,0,28,659,0,6,29.8,111.6,62,1,135,20.4,3,0,0,DEF
Pablo,Hernandez,LEE,0,3,28,414,0,6,97.9,84,153,0,103,33.4,1,0,1,MID
Erik,Lamela,TOT,1,1,28,700,0,17,137.1,115.2,236,0,96,48.4,1,1,4,MID
Manuel,Lanzini,WHU,1,1,28,556,0,5,153,121.4,102,0,117,37.5,1,0,1,MID
Jacob,Ramsey,AVL,0,0,28,611,0,10,91.7,72.8,126,0,75,28.9,2,0,0,MID
Ricardo Domingos,Barbosa Pereira,LEI,0,1,27,954,0,19,162.4,183.4,144,0,152,48.9,2,0,3,DEF
Joe,Bryan,FUL,1,1,27,663,0,17,100.4,143.2,85,2,132,32.8,0,0,2,DEF
Joe,Rodon,TOT,0,0,27,732,0,12,3.6,166.2,6,3,169,17.7,2,0,0,DEF
Tom,Cairney,FUL,1,1,27,758,0,15,278.3,170.6,124,2,160,57.3,1,0,2,MID
Marvelous,Nakamba,AVL,0,1,27,747,0,6,32.5,110.8,10,1,115,15.4,4,0,3,MID
Mark,Noble,WHU,0,0,27,701,0,15,88.6,80.4,7,0,132,17.6,0,0,1,MID
Ozan,Kabak,LIV,0,0,26,801,0,9,17.2,131,19,1,150,16.7,3,0,3,DEF
Luke,Thomas,LEI,1,0,26,968,0,18,111.7,169,101,0,132,38.1,1,0,2,DEF
Kepa,Arrizabalaga,CHE,0,0,26,585,16,8,0,113.6,0,5,117,11.3,2,0,1,GK
Vitor,Ferreira,WOL,0,1,26,509,0,8,179,80,72,0,112,33.3,0,0,0,MID
James,McCarthy,CRY,0,0,26,816,0,15,87.2,112.2,10,0,129,20.9,2,0,1,MID
Xherdan,Shaqiri,LIV,0,2,26,548,0,7,294.2,95.2,86,1,127,47.6,2,0,2,MID
Ben,Johnson,WHU,1,0,25,516,0,10,63.7,98,28,0,104,18.9,1,0,1,DEF
Alex Nicolao,Telles,MUN,0,2,25,689,0,11,200.7,168.6,33,3,149,40.1,1,0,0,DEF
Robin,Olsen,EVE,0,0,25,630,21,9,0,166.4,0,3,119,16.7,2,0,1,GK
Jake,Livermore,WBA,0,0,25,1241,0,35,72.7,136.8,53,0,104,25.9,1,1,2,MID
Christian,Fuchs,LEI,0,0,24,701,0,9,33.9,137,22,2,112,19.2,3,0,4,DEF
Alireza,Jahanbakhsh,BHA,0,1,24,520,0,9,162.8,73.2,221,0,102,45.5,1,0,3,MID
Keinan,Davis,AVL,1,1,23,265,0,1,76.7,77.2,169,0,85,31.7,1,0,0,FWD
Morgan,Gibbs-White,WOL,1,0,22,407,0,6,112.8,85,114,3,87,31.3,0,0,1,MID
Bernard,Caldeira Duarte,EVE,1,0,21,447,0,7,142.7,104.8,80,1,75,32.7,2,0,2,MID
Jakub,Moder,BHA,0,0,21,643,0,10,62.2,63.8,162,0,59,28.8,2,0,0,MID
Alex,Oxlade-Chamberlain,LIV,1,1,21,243,0,6,32.9,70.8,68,0,58,17.1,0,0,0,MID
Branislav,Ivanovic,WBA,0,0,20,764,0,19,12.7,117.8,61,0,120,19.1,2,0,2,DEF
Conor,Hourihane,AVL,1,1,20,225,0,2,82.9,65.4,33,3,70,18.2,2,0,0,MID
Daniel,Amartey,LEI,1,0,19,718,0,12,10.9,155,61,2,121,22.7,0,0,3,DEF
Fernando,Marcal,WOL,0,0,19,618,0,9,61.7,102.6,13,0,104,17.9,1,0,2,DEF
Harry,Winks,TOT,0,0,19,856,0,16,77.6,128.2,24,0,124,22.8,1,0,5,MID
James,Tomkins,CRY,0,0,18,551,0,12,11.4,101.2,29,2,97,14.1,2,0,1,DEF
Filip,Krovinovic,WBA,0,0,17,541,0,11,103.6,74.4,50,0,97,22.8,1,0,0,MID
Jamie,Shackleton,LEE,0,0,17,454,0,11,45.7,52,18,0,72,11.4,1,0,0,MID
Andriy,Yarmolenko,WHU,0,1,17,362,0,7,80.3,50.6,106,0,47,23.5,1,0,3,MID
Jonathan,Castro Otto,WOL,0,0,16,496,0,4,31.8,61,14,1,58,10.8,1,0,0,DEF
Cengiz,Under,LEI,0,2,16,275,0,5,87.5,73.4,88,0,62,24.9,0,0,0,MID
Virgil,van Dijk,LIV,1,0,15,370,0,11,4.8,82.4,66,1,73,15.3,1,0,1,DEF
Jean-Philippe,Mateta,CRY,1,0,15,215,0,4,16.2,46.6,80,2,45,14,0,0,0,FWD
Naby,Keita,LIV,0,0,15,517,0,8,100.5,70.6,119,0,78,29,2,0,1,MID
Kevin,Long,BUR,0,0,14,636,0,13,12,102.6,25,1,85,14,1,0,2,DEF
Mohammed,Salisu,SOU,0,0,14,841,0,19,29.9,188.2,34,0,119,25.4,0,0,1,DEF
Japhet,Tanganga,TOT,0,0,14,487,0,8,29.5,68.8,40,0,81,13.8,2,0,2,DEF
Francisco,Casilla,LEE,0,0,14,270,8,2,0,68,0,2,58,6.8,1,0,0,GK
Hamza,Choudhury,LEI,0,0,14,311,0,2,13.5,34,29,0,59,7.6,2,0,1,MID
Ian Carlo,Poveda-Ocampo,LEE,0,0,14,344,0,5,71.5,55,91,0,43,21.8,0,0,0,MID
Robert,Snodgrass,WBA,0,0,14,528,0,14,56,76.4,75,0,76,20.7,0,0,2,MID
Ki-Jana,Hoever,WOL,0,0,13,573,0,11,59.7,100.4,26,0,80,18.7,0,0,1,DEF
DeAndre,Yedlin,NEW,0,0,13,435,0,6,41.8,58.6,20,0,68,12,1,0,0,DEF
Carlos Vinicius,Alves Morais,TOT,1,0,13,305,0,2,26.9,52.6,142,0,38,22,1,0,2,FWD
Lys,Mousset,SHU,0,0,13,287,0,10,35,14.2,53,0,14,9.7,0,0,0,FWD
Daniel,N'Lundulu,SOU,0,0,13,102,0,1,12.2,3.2,16,0,32,3.1,0,0,0,FWD
Josh,Onomah,FUL,0,0,13,369,0,12,28.7,33.6,47,0,46,10.7,0,0,1,MID
Daniel,Jebbison,SHU,1,0,12,283,0,2,15.1,52.4,66,1,38,13.1,2,0,0,FWD
Shane,Long,SOU,0,0,12,201,0,6,6.4,9.8,19,0,21,3.4,1,0,0,FWD
Fabio,Carvalho,FUL,1,0,12,254,0,6,30.8,72.4,161,0,42,26.5,0,0,0,MID
Neco,Williams,LIV,0,0,11,247,0,1,47.8,42,34,0,51,12.2,1,0,1,DEF
Joshua,King,EVE,0,0,11,138,0,2,5.6,13.4,31,0,18,5,0,0,0,FWD
Adrian,Castillo,LIV,0,0,11,270,10,9,0,59.6,0,2,60,5.9,1,0,0,GK
Anthony,Elanga,MUN,1,0,11,155,0,2,19.7,51.6,29,2,32,10,0,0,0,MID
Joseph,Gomez,LIV,0,0,10,589,0,14,18.1,106.8,0,0,94,12.5,0,0,0,DEF
Tim,Ream,FUL,0,0,10,630,0,13,8.1,133.6,2,0,103,14.5,0,0,0,DEF
Divock,Origi,LIV,0,0,10,180,0,0,33.2,17.8,60,0,23,11.1,1,0,0,FWD
Caoimhin,Kelleher,LIV,0,0,10,180,6,1,0,57.8,0,0,41,5.8,1,0,0,GK
Darren,Randolph,WHU,0,0,10,270,6,3,0,46.2,0,0,46,4.7,1,0,0,GK
Josh,Benson,BUR,0,0,10,260,0,7,7.9,16,13,0,27,3.7,1,0,0,MID
Matthew,Longstaff,NEW,0,0,10,376,0,8,35.6,32.6,2,0,47,7,1,0,0,MID
Morgan,Sanson,AVL,0,0,10,288,0,4,28.8,25.8,10,0,29,6.2,1,0,3,MID
Jimmy,Dunne,BUR,1,0,9,270,0,6,22.1,79.6,81,0,50,18.3,0,0,1,DEF
Max,Lowe,SHU,0,0,9,549,0,10,39.8,99.2,45,0,49,18.4,0,0,1,DEF
Andi,Zeqiri,BHA,0,0,9,164,0,2,18.8,16,107,0,25,14.2,0,0,0,FWD
Owen,Otasowie,WOL,0,1,9,185,0,6,25.9,38.2,34,0,33,9.8,0,0,1,MID
Davy,Propper,BHA,0,0,9,209,0,2,5.1,24,52,0,38,8.2,0,0,0,MID
Gaetano,Berardi,LEE,0,0,8,113,0,0,0.9,17.2,18,1,30,3.6,1,0,0,DEF
Fabian,Delph,EVE,0,0,8,260,0,6,29.8,37,1,0,48,6.8,0,0,1,MID
Amad,Diallo,MUN,0,1,8,165,0,3,31.2,38,9,0,34,7.8,0,0,0,MID
Billy,Gilmour,CHE,0,0,8,259,0,2,50.9,36,8,0,38,9.5,1,0,0,MID
Kamil,Grosicki,WBA,0,1,8,147,0,5,35.2,22.4,15,0,29,7.2,0,0,0,MID
Aboubakar,Kamara,FUL,0,0,8,307,0,9,76.8,22.6,39,0,14,13.2,0,1,1,MID
Dale,Stephens,BUR,0,0,8,257,0,4,8.3,31,41,0,33,8,0,0,1,MID
Emerson,Palmieri dos Santos,CHE,0,0,7,88,0,0,7.7,17.4,2,0,24,2.7,1,0,0,DEF
Axel,Tuanzebe,MUN,0,0,7,402,0,8,6,95,0,0,59,10,0,0,2,DEF
Scott,Carson,MCI,0,0,7,90,2,3,0,37.4,0,1,27,3.7,0,0,0,GK
Percy,Tau,BHA,0,1,7,101,0,2,35.8,26.8,6,0,31,6.9,0,0,0,MID
Eric,Garcia,MCI,0,0,6,380,0,12,26.4,67.6,5,0,64,9.8,0,0,0,DEF
Ahmed El-Sayed,Hegazy,WBA,0,0,6,90,0,0,0.3,19.6,0,0,24,2,1,0,0,DEF
Neeskens,Kebano,FUL,0,0,6,116,0,3,14.6,1.4,47,0,13,5.9,0,0,0,MID
Bernardo,Fernandes da Silva Junior,BHA,0,0,5,205,0,3,32.4,27.2,69,0,30,12.8,0,0,0,DEF
Kieran,Gibbs,WBA,0,0,5,810,0,25,65.1,132,10,0,107,20.8,0,1,1,DEF
Phil,Jagielka,SHU,0,0,5,524,0,12,1.9,70.6,2,0,53,7.5,0,1,1,DEF
Jonjoe,Kenny,EVE,0,0,5,78,0,1,8.1,11,8,0,19,2.8,0,0,0,DEF
Brandon,Williams,MUN,0,0,5,187,0,3,19.4,26.6,19,0,26,6.5,0,0,0,DEF
Charlie,Austin,WBA,0,0,5,135,0,5,3.9,20,26,0,10,5,0,0,0,FWD
Kyle,Edwards,WBA,0,0,5,114,0,3,12.8,13,39,0,15,6.4,0,0,0,MID
William,Smallbone,SOU,0,0,5,171,0,5,7.4,16.8,9,0,17,3.3,0,0,0,MID
Mamadou,Sakho,CRY,0,0,4,275,0,8,1.6,36.6,6,0,33,4.5,0,0,0,DEF
Michael,Obafemi,SOU,0,0,4,57,0,2,10.8,5.6,4,0,12,2,0,0,0,FWD
Cenk,Tosun,EVE,0,0,4,44,0,3,11.6,2.2,4,0,12,1.8,0,0,1,FWD
John,Ruddy,WOL,0,0,4,91,3,1,0,25.4,0,0,19,2.5,0,0,0,GK
Wes,Morgan,LEI,0,0,3,16,0,0,0.1,3,0,0,9,0.3,0,0,0,DEF
Shkodran,Mustafi,ARS,0,0,3,45,0,1,1,11.6,0,0,16,1.3,0,0,0,DEF
Jack,O'Connell,SHU,0,0,3,180,0,3,2.5,40.2,0,0,19,4.3,0,0,0,DEF
Yan,Valery,SOU,0,0,3,101,0,4,22.1,26,12,0,12,6,0,0,0,DEF
Wesley,Moraes,AVL,0,0,3,15,0,1,1.1,5,17,0,11,2.3,0,0,0,FWD
Joel,Mumbongo,BUR,0,0,3,37,0,1,1.8,0,0,0,5,0.1,0,0,1,FWD
Will,Norris,BUR,0,0,3,180,0,4,10,15.2,0,0,20,2.6,0,0,0,GK
Bailey,Peacock-Farrell,BUR,0,0,3,360,10,14,0,82.6,0,0,49,8.2,0,0,0,GK
Sam,Field,WBA,0,0,3,61,0,2,0.5,20,0,0,16,2,0,0,0,MID
Anthony,Gordon,EVE,0,0,3,87,0,0,12.7,14.4,4,0,11,3.1,0,0,0,MID
Sidnei,Tavares,LEI,0,0,3,84,0,1,1.2,9.6,9,0,10,2,0,0,0,MID
Phil,Bardsley,BUR,0,0,2,273,0,8,12.9,39.4,6,0,28,5.9,0,0,2,DEF
Leif,Davis,LEE,0,0,2,31,0,0,0.6,2.8,0,0,5,0.3,0,0,0,DEF
Sead,Kolasinac,ARS,0,0,2,90,0,1,5.4,3.6,4,0,9,1.3,0,0,0,DEF
Terence,Kongolo,FUL,0,0,2,90,0,1,4.7,16.8,2,0,15,2.4,0,0,0,DEF
Niels,Nkounkou,EVE,0,0,2,80,0,1,5.7,15,1,0,9,2.2,0,0,1,DEF
Lee,Peltier,WBA,0,0,2,228,0,8,20.3,45.6,0,0,25,6.7,0,0,1,DEF
Konstantinos,Tsimikas,LIV,0,0,2,6,0,0,0.1,0,0,0,5,0,0,0,0,DEF
Patrick,Cutrone,WOL,0,0,2,23,0,0,0,0,4,0,5,0.2,0,0,0,FWD
Moise,Kean,EVE,0,0,2,13,0,0,1.3,0,11,0,1,0.9,0,0,0,FWD
Lewis,Richardson,BUR,0,0,2,3,0,0,0,0,0,0,5,0,0,0,0,FWD
Jack,Butland,CRY,0,0,2,90,3,2,0,16.6,0,0,14,1.7,0,0,0,GK
David,Button,WBA,0,0,2,90,4,2,0,23.4,0,0,18,2.3,0,0,0,GK
Marek,Rodak,FUL,0,0,2,180,4,5,0,32.6,0,0,23,3.2,0,0,0,GK
Zack,Steffen,MCI,0,0,2,90,1,1,0,9.6,0,0,8,1,0,0,0,GK
Joao,Virginia,EVE,0,0,2,47,3,0,0,25,0,0,10,2.5,0,0,0,GK
Carney,Chukwuemeka,AVL,0,0,2,18,0,0,1.1,1,5,0,7,0.6,0,0,0,MID
Rekeem,Harper,WBA,0,0,2,30,0,2,2.3,6,7,0,7,1.6,0,0,0,MID
Reiss,Nelson,ARS,0,0,2,70,0,0,9.7,4.2,10,0,2,2.4,0,0,0,MID
Felipe Anderson,Pereira Gomes,WHU,0,0,2,2,0,0,0.4,2.4,2,0,8,0.5,0,0,0,MID
Shola,Shoretire,MUN,0,0,2,9,0,0,1.1,0.2,0,0,6,0.1,0,0,0,MID
Caleb,Watts,SOU,0,0,2,36,0,0,4.4,5.4,0,0,6,0.9,0,0,1,MID
Oskar,Buur,WOL,0,0,1,22,0,0,0.5,0.6,0,0,2,0.1,0,0,0,DEF
William,Fish,MUN,0,0,1,1,0,0,0,0,0,0,3,0,0,0,0,DEF
Martin,Kelly,CRY,0,0,1,1,0,0,0,2.2,0,0,3,0.2,0,0,0,DEF
Maxime,Le Marchand,FUL,0,0,1,122,0,1,1.6,12.6,1,0,12,1.6,0,0,2,DEF
Denis,Odoi,FUL,0,0,1,270,0,10,20.8,35.4,8,0,34,6.4,0,0,1,DEF
Ruben,Vinagre,WOL,0,0,1,172,0,7,25.3,31.2,0,0,24,5.7,0,0,0,DEF
Jake,Vokins,SOU,0,0,1,66,0,2,14.8,1.8,0,0,5,1.7,0,0,0,DEF
Liam,Delap,MCI,0,0,1,39,0,4,0.3,0,4,0,0,0.2,0,0,0,FWD
Antwoine,Hackford,SHU,0,0,1,10,0,0,0.1,0,18,0,3,1.8,0,0,0,FWD
Niall,Huggins,LEE,0,0,1,37,0,0,0.9,2.6,2,0,4,0.6,0,0,0,FWD
Odion,Ighalo,MUN,0,0,1,9,0,1,0.1,0,2,0,1,0.2,0,0,0,FWD
Dane,Scarlett,TOT,0,0,1,1,0,0,0,0,0,0,3,0,0,0,0,FWD
Islam,Slimani,LEI,0,0,1,19,0,1,11.7,0.2,6,0,3,1.8,0,0,0,FWD
Willy,Caballero,CHE,0,0,1,90,0,3,0,4.2,0,0,7,0.4,0,0,0,GK
Alex,Runnarsson,ARS,0,0,1,15,2,0,0,16.6,0,0,8,1.7,0,0,0,GK
Elliot,Anderson,NEW,0,0,1,3,0,0,0.3,0,2,0,3,0.2,0,0,0,MID
Nathan,Broadhead,EVE,0,0,1,2,0,0,0,2,0,0,5,0.2,0,0,0,MID
Theo,Corbeanu,WOL,0,0,1,8,0,0,15.1,9,0,0,5,2.4,0,0,0,MID
Tyrese,Francois,FUL,0,0,1,14,0,1,1.3,1.2,0,0,2,0.3,0,0,0,MID
Jean-Philippe,Gbamin,EVE,0,0,1,11,0,1,0.9,3.8,0,0,1,0.5,0,0,0,MID
Demarai,Gray,LEI,0,0,1,18,0,0,1.3,0.2,3,0,3,0.5,0,0,0,MID
Jose,Izquierdo,BHA,0,0,1,8,0,0,1.3,3.2,7,0,2,1.2,0,0,0,MID
Reda,Khadra,BHA,0,0,1,4,0,0,0,0,2,0,3,0.2,0,0,0,MID
Thakgalo,Leshabela,LEI,0,0,1,9,0,0,1.4,0.6,0,0,2,0.2,0,0,0,MID
Hannibal,Mejbri,MUN,0,0,1,8,0,0,0,1.2,0,0,2,0.1,0,0,0,MID
Jayson,Molumby,BHA,0,0,1,1,0,0,0,0,0,0,3,0,0,0,0,MID
Iliman,Ndiaye,SHU,0,0,1,11,0,1,0.3,2.2,0,0,5,0.3,0,0,0,MID
Jaden,Philogene-Bidace,AVL,0,0,1,1,0,0,0.5,0,0,0,2,0.1,0,0,0,MID
Femi,Seriki,SHU,0,0,1,1,0,0,0,0,0,0,3,0,0,0,0,MID
Frederik,Alves,WHU,0,0,0,0,0,0,0,0,0,0,0,0,0,0,0,DEF
Ryan,Astley,EVE,0,0,0,0,0,0,0,0,0,0,0,0,0,0,0,DEF
Jamal,Baptiste,WHU,0,0,0,0,0,0,0,0,0,0,0,0,0,0,0,DEF
Filip,Benkovic,LEI,0,0,0,0,0,0,0,0,0,0,0,0,0,0,0,DEF
Ryan,Bennett,WOL,0,0,0,0,0,0,0,0,0,0,0,0,0,0,0,DEF
Harry,Boyes,SHU,0,0,0,0,0,0,0,0,0,0,0,0,0,0,0,DEF
Jarrad,Branthwaite,EVE,0,0,0,0,0,0,0,0,0,0,0,0,0,0,0,DEF
James,Bree,AVL,0,0,0,0,0,0,0,0,0,0,0,0,0,0,0,DEF
Hugo,Bueno,WOL,0,0,0,0,0,0,0,0,0,0,0,0,0,0,0,DEF
Cameron,Carter-Vickers,TOT,0,0,0,0,0,0,0,0,0,0,0,0,0,0,0,DEF
Oliver,Casey,LEE,0,0,0,0,0,0,0,0,0,0,0,0,0,0,0,DEF
Cyrus,Christie,FUL,0,0,0,0,0,0,0,0,0,0,0,0,0,0,0,DEF
Matthew,Clarke,BHA,0,0,0,0,0,0,0,0,0,0,0,0,0,0,0,DEF
Charlie,Cresswell,LEE,0,0,0,0,0,0,0,0,0,0,0,0,0,0,0,DEF
Vontae,Daley-Campbell,LEI,0,0,0,0,0,0,0,0,0,0,0,0,0,0,0,DEF
Diogo,Dalot Teixeira,MUN,0,0,0,0,0,0,0,0,0,0,0,0,0,0,0,DEF
Ben,Davies,LIV,0,0,0,0,0,0,0,0,0,0,0,0,0,0,0,DEF
Barry,Douglas,LEE,0,0,0,0,0,0,0,0,0,0,0,0,0,0,0,DEF
Cody,Drameh,LEE,0,0,0,0,0,0,0,0,0,0,0,0,0,0,0,DEF
Anthony,Driscoll-Glennon,BUR,0,0,0,0,0,0,0,0,0,0,0,0,0,0,0,DEF
Shane,Duffy,BHA,0,0,0,0,0,0,0,0,0,0,0,0,0,0,0,DEF
Bjorn,Engels,AVL,0,0,0,0,0,0,0,0,0,0,0,0,0,0,0,DEF
Nathan,Ferguson,CRY,0,0,0,0,0,0,0,0,0,0,0,0,0,0,0,DEF
Timothy,Fosu-Mensah,MUN,0,0,0,80,0,2,30.5,17.8,16,0,17,6.4,0,0,1,DEF
Juan,Foyth,TOT,0,0,0,0,0,0,0,0,0,0,0,0,0,0,0,DEF
Ben,Gibson,BUR,0,0,0,0,0,0,0,0,0,0,0,0,0,0,0,DEF
Kyron,Gordon,SHU,0,0,0,0,0,0,0,0,0,0,0,0,0,0,0,DEF
Frederick,Guilbert,AVL,0,0,0,0,0,0,0,0,0,0,0,0,0,0,0,DEF
Reece,Hannam,CRY,0,0,0,0,0,0,0,0,0,0,0,0,0,0,0,DEF
Taylor,Harwood-Bellis,MCI,0,0,0,0,0,0,0,0,0,0,0,0,0,0,0,DEF
Michael,Hector,FUL,0,0,0,262,0,10,11.3,40.8,18,0,32,6.9,0,0,2,DEF
Ryan,Inniss,CRY,0,0,0,0,0,0,0,0,0,0,0,0,0,0,0,DEF
Kyle,John,EVE,0,0,0,0,0,0,0,0,0,0,0,0,0,0,0,DEF
Phil,Jones,MUN,0,0,0,0,0,0,0,0,0,0,0,0,0,0,0,DEF
Michal,Karbownik,BHA,0,0,0,0,0,0,0,0,0,0,0,0,0,0,0,DEF
Cedric,Kipre,WBA,0,0,0,0,0,0,0,0,0,0,0,0,0,0,0,DEF
Billy,Koumetio,LIV,0,0,0,0,0,0,0,0,0,0,0,0,0,0,0,DEF
Florian,Lejeune,NEW,0,0,0,0,0,0,0,0,0,0,0,0,0,0,0,DEF
Valentino,Livramento,CHE,0,0,0,0,0,0,0,0,0,0,0,0,0,0,0,DEF
Nigel,Lonwijk,WOL,0,0,0,0,0,0,0,0,0,0,0,0,0,0,0,DEF
Christian,Marques,WOL,0,0,0,0,0,0,0,0,0,0,0,0,0,0,0,DEF
Alfie,Mawson,FUL,0,0,0,0,0,0,0,0,0,0,0,0,0,0,0,DEF
Luke,Mbete,MCI,0,0,0,0,0,0,0,0,0,0,0,0,0,0,0,DEF
Teden,Mengi,MUN,0,0,0,0,0,0,0,0,0,0,0,0,0,0,0,DEF
Martin,Montoya,BHA,0,0,0,0,0,0,0,0,0,0,0,0,0,0,0,DEF
Richard,Nartey,BUR,0,0,0,0,0,0,0,0,0,0,0,0,0,0,0,DEF
Nicolas,Otamendi,MCI,0,0,0,0,0,0,0,0,0,0,0,0,0,0,0,DEF
Sokratis,Papastathopoulos,ARS,0,0,0,0,0,0,0,0,0,0,0,0,0,0,0,DEF
Lewis,Richards,WOL,0,0,0,0,0,0,0,0,0,0,0,0,0,0,0,DEF
Marcos,Rojo,MUN,0,0,0,0,0,0,0,0,0,0,0,0,0,0,0,DEF
Danny,Rose,TOT,0,0,0,0,0,0,0,0,0,0,0,0,0,0,0,DEF
William,Saliba,ARS,0,0,0,0,0,0,0,0,0,0,0,0,0,0,0,DEF
Zeze Steven,Sessegnon,FUL,0,0,0,0,0,0,0,0,0,0,0,0,0,0,0,DEF
Ryan,Sessegnon,TOT,0,0,0,0,0,0,0,0,0,0,0,0,0,0,0,DEF
Chris,Smalling,MUN,0,0,0,0,0,0,0,0,0,0,0,0,0,0,0,DEF
Caleb,Taylor,WBA,0,0,0,0,0,0,0,0,0,0,0,0,0,0,0,DEF
Allan,Tchaptchet,SOU,0,0,0,12,0,3,0,0,0,0,3,0,0,0,0,DEF
Bobby,Thomas,BUR,0,0,0,0,0,0,0,0,0,0,0,0,0,0,0,DEF
Fikayo,Tomori,CHE,0,0,0,45,0,2,0.1,26.6,0,0,8,2.7,0,0,0,DEF
Kelland,Watts,NEW,0,0,0,0,0,0,0,0,0,0,0,0,0,0,0,DEF
Reece,Welch,EVE,0,0,0,0,0,0,0,0,0,0,0,0,0,0,0,DEF
Sam,Woods,CRY,0,0,0,0,0,0,0,0,0,0,0,0,0,0,0,DEF
Albian,Ajeti,WHU,0,0,0,0,0,0,0,0,0,0,0,0,0,0,0,FWD
Florin,Andone,BHA,0,0,0,0,0,0,0,0,0,0,0,0,0,0,0,FWD
Leo,Bonatini,WOL,0,0,0,0,0,0,0,0,0,0,0,0,0,0,0,FWD
Leonardo,Campana,WOL,0,0,0,0,0,0,0,0,0,0,0,0,0,0,0,FWD
Cheikh,Diaby,WBA,0,0,0,0,0,0,0,0,0,0,0,0,0,0,0,FWD
Joe,Gelhardt,LEE,0,0,0,0,0,0,0,0,0,0,0,0,0,0,0,FWD
Sam,Greenwood,LEE,0,0,0,0,0,0,0,0,0,0,0,0,0,0,0,FWD
Jordan,Hugill,WHU,0,0,0,0,0,0,0,0,0,0,0,0,0,0,0,FWD
Glenn,Murray,BHA,0,0,0,0,0,0,0,0,0,0,0,0,0,0,0,FWD
Yoshinori,Muto,NEW,0,0,0,0,0,0,0,0,0,0,0,0,0,0,0,FWD
Ademipo,Odubeko,WHU,0,0,0,0,0,0,0,0,0,0,0,0,0,0,0,FWD
William,Osula,SHU,0,0,0,0,0,0,0,0,0,0,0,0,0,0,0,FWD
Mbwana,Samatta,AVL,0,0,0,0,0,0,0,0,0,0,0,0,0,0,0,FWD
Ellis,Simms,EVE,0,0,0,0,0,0,0,0,0,0,0,0,0,0,0,FWD
Max,Thompson,BUR,0,0,0,0,0,0,0,0,0,0,0,0,0,0,0,FWD
Indiana,Vassilev,AVL,0,0,0,0,0,0,0,0,0,0,0,0,0,0,0,FWD
Connor,Wickham,CRY,0,0,0,0,0,0,0,0,0,0,0,0,0,0,0,FWD
Kenneth,Zohore,WBA,0,0,0,0,0,0,0,0,0,0,0,0,0,0,0,FWD
Fabricio,Agosto Ramirez,FUL,0,0,0,0,0,0,0,0,0,0,0,0,0,0,0,GK
Marcus,Bettinelli,FUL,0,0,0,0,0,0,0,0,0,0,0,0,0,0,0,GK
Nathan,Bishop,MUN,0,0,0,0,0,0,0,0,0,0,0,0,0,0,0,GK
Claudio,Bravo,MCI,0,0,0,0,0,0,0,0,0,0,0,0,0,0,0,GK
Elia,Caprile,LEE,0,0,0,0,0,0,0,0,0,0,0,0,0,0,0,GK
Wes,Foderingham,SHU,0,0,0,0,0,0,0,0,0,0,0,0,0,0,0,GK
Paulo,Gazzaniga,TOT,0,0,0,0,0,0,0,0,0,0,0,0,0,0,0,GK
Mark,Gillespie,NEW,0,0,0,0,0,0,0,0,0,0,0,0,0,0,0,GK
Lee,Grant,MUN,0,0,0,0,0,0,0,0,0,0,0,0,0,0,0,GK
Angus,Gunn,SOU,0,0,0,0,0,0,0,0,0,0,0,0,0,0,0,GK
Joe,Hart,TOT,0,0,0,0,0,0,0,0,0,0,0,0,0,0,0,GK
Tom,Heaton,AVL,0,0,0,0,0,0,0,0,0,0,0,0,0,0,0,GK
Stephen,Henderson,CRY,0,0,0,0,0,0,0,0,0,0,0,0,0,0,0,GK
Wayne,Hennessey,CRY,0,0,0,0,0,0,0,0,0,0,0,0,0,0,0,GK
Liam,Hughes,LIV,0,0,0,0,0,0,0,0,0,0,0,0,0,0,0,GK
Roberto,Jimenez Gago,WHU,0,0,0,0,0,0,0,0,0,0,0,0,0,0,0,GK
Daniel,Langley,NEW,0,0,0,0,0,0,0,0,0,0,0,0,0,0,0,GK
Harry,Lewis,SOU,0,0,0,0,0,0,0,0,0,0,0,0,0,0,0,GK
Andy,Lonergan,WBA,0,0,0,0,0,0,0,0,0,0,0,0,0,0,0,GK
Jonas,Lossl,EVE,0,0,0,0,0,0,0,0,0,0,0,0,0,0,0,GK
Matt,Macey,ARS,0,0,0,0,0,0,0,0,0,0,0,0,0,0,0,GK
David,Martin,WHU,0,0,0,0,0,0,0,0,0,0,0,0,0,0,0,GK
Thomas,McGill,BHA,0,0,0,0,0,0,0,0,0,0,0,0,0,0,0,GK
Kamil,Miazek,LEE,0,0,0,0,0,0,0,0,0,0,0,0,0,0,0,GK
Simon,Moore,SHU,0,0,0,0,0,0,0,0,0,0,0,0,0,0,0,GK
Orjan,Nyland,AVL,0,0,0,0,0,0,0,0,0,0,0,0,0,0,0,GK
Jakub,Ojrzynski,LIV,0,0,0,0,0,0,0,0,0,0,0,0,0,0,0,GK
Sergio,Romero,MUN,0,0,0,0,0,0,0,0,0,0,0,0,0,0,0,GK
Matija,Sarkic,WOL,0,0,0,0,0,0,0,0,0,0,0,0,0,0,0,GK
Andreas,Sondergaard,WOL,0,0,0,0,0,0,0,0,0,0,0,0,0,0,0,GK
Jason,Steele,BHA,0,0,0,0,0,0,0,0,0,0,0,0,0,0,0,GK
Jed,Steer,AVL,0,0,0,0,0,0,0,0,0,0,0,0,0,0,0,GK
James,Trafford,MCI,0,0,0,0,0,0,0,0,0,0,0,0,0,0,0,GK
Nathan,Trott,WHU,0,0,0,0,0,0,0,0,0,0,0,0,0,0,0,GK
Harry,Tyrer,EVE,0,0,0,0,0,0,0,0,0,0,0,0,0,0,0,GK
Michael,Verrips,SHU,0,0,0,0,0,0,0,0,0,0,0,0,0,0,0,GK
Christian,Walton,BHA,0,0,0,0,0,0,0,0,0,0,0,0,0,0,0,GK
Danny,Ward,LEI,0,0,0,0,0,0,0,0,0,0,0,0,0,0,0,GK
Karlo,Ziger,CHE,0,0,0,0,0,0,0,0,0,0,0,0,0,0,0,GK
Rolando,Aarons,NEW,0,0,0,0,0,0,0,0,0,0,0,0,0,0,0,MID
Faustino,Anjorin,CHE,0,0,0,0,0,0,0,0,0,0,0,0,0,0,0,MID
Christian,Atsu,NEW,0,0,0,0,0,0,0,0,0,0,0,0,0,0,0,MID
Miguel,Azeez,ARS,0,0,0,0,0,0,0,0,0,0,0,0,0,0,0,MID
Adrian,Bernabe,MCI,0,0,0,0,0,0,0,0,0,0,0,0,0,0,0,MID
Mateusz,Bogusz,LEE,0,0,0,0,0,0,0,0,0,0,0,0,0,0,0,MID
Sofiane,Boufal,SOU,0,0,0,0,0,0,0,0,0,0,0,0,0,0,0,MID
Zak,Brunt,SHU,0,0,0,0,0,0,0,0,0,0,0,0,0,0,0,MID
Moises,Caicedo,BHA,0,0,0,0,0,0,0,0,0,0,0,0,0,0,0,MID
Jake,Cain,LIV,0,0,0,0,0,0,0,0,0,0,0,0,0,0,0,MID
Gedson,Carvalho Fernandes,TOT,0,0,0,0,0,0,0,0,0,0,0,0,0,0,0,MID
Bruno Andre,Cavaco Jordao,WOL,0,0,0,0,0,0,0,0,0,0,0,0,0,0,0,MID
Kgaogelo,Chauke,SOU,0,0,0,0,0,0,0,0,0,0,0,0,0,0,0,MID
Tahith,Chong,MUN,0,0,0,0,0,0,0,0,0,0,0,0,0,0,0,MID
Leighton,Clarkson,LIV,0,0,0,0,0,0,0,0,0,0,0,0,0,0,0,MID
Conor,Coventry,WHU,0,0,0,0,0,0,0,0,0,0,0,0,0,0,0,MID
Luke,Cundle,WOL,0,0,0,0,0,0,0,0,0,0,0,0,0,0,0,MID
Alfie,Devine,TOT,0,0,0,0,0,0,0,0,0,0,0,0,0,0,0,MID
Tommy,Doyle,MCI,0,0,0,0,0,0,0,0,0,0,0,0,0,0,0,MID
Harvey,Elliott,LIV,0,0,0,0,0,0,0,0,0,0,0,0,0,0,0,MID
Will,Ferry,SOU,0,0,0,0,0,0,0,0,0,0,0,0,0,0,0,MID
Ryan,Finnigan,SOU,0,0,0,0,0,0,0,0,0,0,0,0,0,0,0,MID
Shane,Flynn,LEI,0,0,0,0,0,0,0,0,0,0,0,0,0,0,0,MID
Adam,Forshaw,LEE,0,0,0,0,0,0,0,0,0,0,0,0,0,0,0,MID
Luke,Freeman,SHU,0,0,0,0,0,0,0,0,0,0,0,0,0,0,0,MID
Taylor,Gardner-Hickman,WBA,0,0,0,0,0,0,0,0,0,0,0,0,0,0,0,MID
James,Garner,MUN,0,0,0,0,0,0,0,0,0,0,0,0,0,0,0,MID
Claudio,Gomes,MCI,0,0,0,0,0,0,0,0,0,0,0,0,0,0,0,MID
Mace,Goodridge,BUR,0,0,0,0,0,0,0,0,0,0,0,0,0,0,0,MID
Jay-Roy,Grot,LEE,0,0,0,0,0,0,0,0,0,0,0,0,0,0,0,MID
Matteo,Guendouzi,ARS,0,0,0,0,0,0,0,0,0,0,0,0,0,0,0,MID
Kaine,Hayden,AVL,0,0,0,0,0,0,0,0,0,0,0,0,0,0,0,MID
Tim,Iroegbunam,WBA,0,0,0,0,0,0,0,0,0,0,0,0,0,0,0,MID
Matty,James,LEI,0,0,0,0,0,0,0,0,0,0,0,0,0,0,0,MID
Sylvester,Jasper,FUL,0,0,0,0,0,0,0,0,0,0,0,0,0,0,0,MID
Jack,Jenkins,LEE,0,0,0,0,0,0,0,0,0,0,0,0,0,0,0,MID
Teddy,Jenks,BHA,0,0,0,0,0,0,0,0,0,0,0,0,0,0,0,MID
Stefan,Johansen,FUL,0,0,0,0,0,0,0,0,0,0,0,0,0,0,0,MID
Nile,John,TOT,0,0,0,0,0,0,0,0,0,0,0,0,0,0,0,MID
Toby,King,WBA,0,0,0,0,0,0,0,0,0,0,0,0,0,0,0,MID
Anthony,Knockaert,FUL,0,0,0,0,0,0,0,0,0,0,0,0,0,0,0,MID
Henri,Lansbury,AVL,0,0,0,0,0,0,0,0,0,0,0,0,0,0,0,MID
Jonathan,Leko,WBA,0,0,0,0,0,0,0,0,0,0,0,0,0,0,0,MID
Frankie,Maguire,SHU,0,0,0,0,0,0,0,0,0,0,0,0,0,0,0,MID
Anthony,Mancini,BUR,0,0,0,0,0,0,0,0,0,0,0,0,0,0,0,MID
Tawanda,Maswanhise,LEI,0,0,0,0,0,0,0,0,0,0,0,0,0,0,0,MID
Kevin,McDonald,FUL,0,0,0,0,0,0,0,0,0,0,0,0,0,0,0,MID
Max,Meyer,CRY,0,0,0,0,0,0,0,0,0,0,0,0,0,0,0,MID
Aaron,Mooy,BHA,0,0,0,0,0,0,0,0,0,0,0,0,0,0,0,MID
Felix,Nmecha,MCI,0,0,0,0,0,0,0,0,0,0,0,0,0,0,0,MID
Tyler,Onyango,EVE,0,0,0,0,0,0,0,0,0,0,0,0,0,0,0,MID
Mesut,Ozil,ARS,0,0,0,0,0,0,0,0,0,0,0,0,0,0,0,MID
Cole,Palmer,MCI,0,0,0,0,0,0,0,0,0,0,0,0,0,0,0,MID
Jose,Peleteiro Romallo,AVL,0,0,0,0,0,0,0,0,0,0,0,0,0,0,0,MID
Facundo,Pellistri,MUN,0,0,0,0,0,0,0,0,0,0,0,0,0,0,0,MID
Andreas,Pereira,MUN,0,0,0,0,0,0,0,0,0,0,0,0,0,0,0,MID
Taylor,Perry,WOL,0,0,0,0,0,0,0,0,0,0,0,0,0,0,0,MID
Brandon,Pierrick,CRY,0,0,0,0,0,0,0,0,0,0,0,0,0,0,0,MID
Isaac,Price,EVE,0,0,0,0,0,0,0,0,0,0,0,0,0,0,0,MID
Jesurun,Rak-Sakyi,CRY,0,0,0,0,0,0,0,0,0,0,0,0,0,0,0,MID
Max,Sanders,BHA,0,0,0,0,0,0,0,0,0,0,0,0,0,0,0,MID
Jean Michael,Seri,FUL,0,0,0,0,0,0,0,0,0,0,0,0,0,0,0,MID
Meritan,Shabani,WOL,0,0,0,0,0,0,0,0,0,0,0,0,0,0,0,MID
Adrien,Silva,LEI,0,0,0,0,0,0,0,0,0,0,0,0,0,0,0,MID
Josh,Sims,SOU,0,0,0,0,0,0,0,0,0,0,0,0,0,0,0,MID
Oliver,Skipp,TOT,0,0,0,0,0,0,0,0,0,0,0,0,0,0,0,MID
Jordan,Stevens,LEE,0,0,0,0,0,0,0,0,0,0,0,0,0,0,0,MID
Thanawat,Suengchitthawon,LEI,0,0,0,0,0,0,0,0,0,0,0,0,0,0,0,MID
Crysencio,Summerville,LEE,0,0,0,0,0,0,0,0,0,0,0,0,0,0,0,MID
Lucas,Torreira,ARS,0,0,0,0,0,0,0,0,0,0,0,0,0,0,0,MID
Jensen,Weir,BHA,0,0,0,0,0,0,0,0,0,0,0,0,0,0,0,MID
Jack,Wilshere,WHU,0,0,0,0,0,0,0,0,0,0,0,0,0,0,0,MID
Harry,Wilson,NEW,0,0,0,0,0,0,0,0,0,0,0,0,0,0,0,MID
Ben,Woodburn,LIV,0,0,0,0,0,0,0,0,0,0,0,0,0,0,0,MID
Neil,Taylor,AVL,0,0,-1,15,0,2,0.7,0.8,0,0,1,0.2,0,0,1,DEF
Alexandre,Jankewitz,SOU,0,0,-1,2,0,9,0.3,4.4,0,0,-4,0.5,0,1,0,MID
Kayne,Ramsay,SOU,0,0,-3,90,0,9,0,13.2,0,0,5,1.3,0,0,1,DEF
