compound,Gh,Hh,Cph,V,Hig,Sig,Cpig
Propane,16.09,,,,-104.7,270.31,76.3
n-Butane,16.58,,,,-125.6,309.91,98.5
n-Pentane,17.36,,,,-146.75,349.56,120
n-Pentane,17.27,,,,,,
n-Pentane,17.6,,,,,,
n-Pentane,18.44,,,,,,
n-Pentane,17.67,,,,,,
n-Pentane,17.6,,,,,,
n-Pentane,17.6,,,,,,
n-Pentane,17.76,,,,,,
n-Pentane,17.29,,,,,,
n-Pentane,15.16,,,,,,
n-Pentane,19.65,,,,,,
n-Pentane,17.7,,,,,,
n-Pentane,17.84,,,,,,
n-Pentane,17.18,,,,,,
n-Pentane,14.67,,,,,,
n-Hexane,18.61,,,,-166.97,388.85,142.6
n-Hexane,17.88,,,,,,
n-Hexane,18.3,,,,,,
n-Hexane,16.47,,,,,,
n-Hexane,18.07,,,,,,
n-Hexane,19,,,,,,
n-Hexane,18.48,,,,,,
n-Hexane,17.91,,,,,,
n-Hexane,16.12,,,,,,
n-Hexane,18.46,,,,,,
n-Hexane,17.91,,,,,,
n-Hexane,11.58,,,,,,
n-Hexane,18.59,,,,,,
n-Hexane,17.92,,,,,,
n-Hexane,17.94,,,,,,
n-Hexane,17.66,,,,,,
n-Hexane,16.95,,,,,,
n-Hexane,18.59,,,,,,
n-Hexane,17.23,,,,,,
n-Hexane,12.3,,,,,,
n-Hexane,15.26,,,,,,
n-Hexane,11.95,,,,,,
n-Heptane,19.65,,,,-187.54,428.1,165.2
n-Heptane,18.62,,,,,,
n-Heptane,18.99,,,,,,
n-Heptane,19.45,,,,,,
n-Heptane,18.47,,,,,,
n-Heptane,19.32,,,,,,
n-Heptane,18.93,,,,,,
n-Heptane,18.39,,,,,,
n-Heptane,19.63,,,,,,
n-Heptane,17.97,,,,,,
n-Heptane,19.08,,,,,,
n-Heptane,19.14,,,,,,
n-Heptane,19.21,,,,,,
n-Heptane,18.97,,,,,,
n-Heptane,15.92,,,,,,
n-Heptane,11.93,,,,,,
n-Octane,20.04,,,,-208.57,467.35,187.8
n-Octane,20.91,,,,,,
n-Octane,19.84,,,,,,
n-Octane,14.46,,,,,,
n-Octane,19.6,,,,,,
n-Octane,19.21,,,,,,
n-Octane,11.52,,,,,,
n-Octane,19.2,,,,,,
n-Octane,19.85,,,,,,
n-Octane,18.76,,,,,,
n-Octane,20.16,,,,,,
n-Octane,21.1,,,,,,
n-Octane,18.44,,,,,,
n-Octane,19.41,,,,,,
n-Octane,19.91,,,,,,
n-Octane,19.3,,,,,,
n-Octane,20.03,,,,,,
n-Octane,11.52,,,,,,
n-Nonane,20.78,,,,-228.27,506.54,210.4
n-Nonane,21.16,,,,,,
n-Nonane,14.94,,,,,,
n-Nonane,20.99,,,,,,
n-Nonane,21.61,,,,,,
n-Nonane,22.93,,,,,,
n-Nonane,20.14,,,,,,
n-Decane,21.42,,,,-249.51,545.79,233
n-Decane,21.26,,,,,,
n-Decane,25.55,,,,,,
n-Decane,21.12,,,,,,
n-Decane,23.49,,,,,,
n-Decane,24.09,,,,,,
n-Undecane,22.82,,,,-270.77,,256.4
n-Undecane,25.11,,,,,,
n-Undecane,24.62,,,,,,
n-Dodecane,25.65,,,,-289.39,,279.2
n-Dodecane,22.56,,,,,,
n-Dodecane,24.11,,,,,,
n-Dodecane,22.39,,,,,,
n-Dodecane,20.4,,,,,,
n-Tridecane,25.28,,,,,,301.9
n-Tetradecane,23.17,,,,,,324.8
2-Methylpropane,17.32,,,,-134.2,295.5,96.7
"2,2-Dimethylpropane",18.4,,,,-168.1,306,120.8
2-Methylbutane,17.6,,,,-153.28,343.74,118.9
2-Methylbutane,17.89,,,,,,
2-Methylbutane,18.03,,,,,,
2-Methylbutane,17.95,,,,,,
2-Methylbutane,17.93,,,,,,
2-Methylbutane,18.04,,,,,,
"2,2-Dimethylbutane",18.54,,,,-185.87,358.4,141.5
"2,2-Dimethylbutane",18.26,,,,,,
"2,2-Dimethylbutane",18.89,,,,,,
"2,3-Dimethylbutane",18.03,,,,-178.07,365.93,139.4
"2,3-Dimethylbutane",17.62,,,,,,
2-Methylpentane,16.65,,,,-174.5,380.98,142.2
2-Methylpentane,18.74,,,,,,
2-Methylpentane,18.26,,,,,,
2-Methylpentane,18.5,,,,,,
2-Methylpentane,18.58,,,,,,
3-Methylpentane,18.41,,,,-171.93,383,142
3-Methylpentane,18.43,,,,,,
3-Methylpentane,17.66,,,,,,
3-Methylpentane,18.48,,,,,,
"2,2-Dimethylpentane",20.04,,,,-205.74,392.7,166.7
"2,3-Dimethylpentane",18.53,,,,-198.74,414.68,160.8
"2,4-Dimethylpentane",21.32,,,,-201.58,397.02,171.7
"2,4-Dimethylpentane",19.87,,,,,,
"2,4-Dimethylpentane",19.32,,,,,,
"2,4-Dimethylpentane",20.07,,,,,,
2-Methylhexane,15.3,,,,-194.52,420.5,164.5
2-Methylhexane,20.23,,,,,,
"3,3-Dimethylpentane",18.71,,,,-201.05,398.3,165.8
3-Methylhexane,19.95,,,,-191.24,426.1,163.9
3-Methylhexane,19.97,,,,,,
3-Methylhexane,18.41,,,,,,
"2,2,4-Trimethylpentane",19.71,,,,-223.96,423.09,188.4
"2,2,4-Trimethylpentane",20.09,,,,,,
"2,2,4-Trimethylpentane",20.02,,,,,,
"2,2,4-Trimethylpentane",21.8,,,,,,
"2,2,4-Trimethylpentane",21.14,,,,,,
"2,2,4-Trimethylpentane",20.35,,,,,,
"2,2,4-Trimethylpentane",21.35,,,,,,
"2,2,4-Trimethylpentane",19.9,,,,,,
"2,3,4-Trimethylpentane",19.95,,,,-217.18,428.53,191.6
"2,3,4-Trimethylpentane",19.88,,,,,,
"2,3,4-Trimethylpentane",18.58,,,,,,
3-Methylheptane,20.42,,,,-212.42,465.6,185.8
"2,2,5-Trimethylhexane",21.26,,,,-253.09,461.8,207.9
"2,2,5-Trimethylhexane",19.37,,,,,,
4-Methyloctane,22.87,,,,,502.8,209.3
Propene,12.92,,,,20,266.73,64.4
Propene,13.08,,,,,,
Propene,13.15,,,,,,
Propene,13.26,,,,,,
Propene,12.94,,,,,,
"1,3-Butadiene",10.64,,,,110,278.78,79.83
"1,3-Butadiene",11.49,,,,,,
"1,3-Butadiene",10.62,,,,,,
"1,3-Butadiene",10.77,,,,,,
"1,3-Butadiene",10.57,,,,,,
"1,3-Butadiene",10.36,,,,,,
1-Butene,13.4,,,,0.1,307.86,85.7
1-Butene,13.31,,,,,,
1-Butene,13.37,,,,,,
1-Butene,12.69,,,,,,
1-Butene,13.68,,,,,,
1-Butene,13.41,,,,,,
1-Butene,13.39,,,,,,
2-Methyl-1-propene,12.82,,,,-16.9,293.2,88.2
2-Methyl-1-propene,12.81,,,,,,
2-Methyl-1-propene,13.25,,,,,,
2-Methyl-1-propene,12.94,,,,,,
2-Methyl-1-propene,13.04,,,,,,
2-Methyl-1-propene,13.26,,,,,,
2-Methyl-1-propene,12.87,,,,,,
2-Methyl-1-propene,13.04,,,,,,
"1,4-Pentadiene",11.79,,,,105.7,333.99,98.4
"2-Methyl-1,3-butadiene",9.4,,,,74.5,314.67,102.6
"2-Methyl-1,3-butadiene",10.81,,,,,,
"2-Methyl-1,3-butadiene",10.73,,,,,,
"2-Methyl-1,3-butadiene",10.7,,,,,,
"2-Methyl-1,3-butadiene",10.98,,,,,,
"2-Methyl-1,3-butadiene",10.97,,,,,,
"2-Methyl-1,3-butadiene",10.71,,,,,,
"2-Methyl-1,3-butadiene",10.38,,,,,,
1-Pentene,14.77,,,,-17.08,347.34,108.43
2-Methyl-2-butene,12.25,,,,-41.26,338.44,105
2-Methyl-2-butene,13.03,,,,,,
2-Methyl-2-butene,12.74,,,,,,
2-Methyl-2-butene,12.82,,,,,,
2-Pentene,13.44,,,,-31.3,343.51,
3-Methyl-1-butene,15.53,,,,-27.6,335.45,114.7
"1,5-Hexadiene",12.32,,,,83.4,,
4-Methyl-1-pentene,15.93,,,,-51.29,,126.6
2-Methyl-1-pentene,14.01,,,,-59.5,,135.6
1-Hexene,14.71,,,,-43.59,386.49,131.1
1-Hexene,15.14,,,,,,
1-Hexene,14.53,,,,,,
1-Hexene,14.08,,,,,,
1-Hexene,15.59,,,,,,
1-Hexene,14.65,,,,,,
1-Hexene,14.89,,,,,,
1-Hexene,14.91,,,,,,
"1,6-Heptadiene",13.15,,,,,,
1-Heptene,14.92,,,,-62.41,425.15,153.9
1-Heptene,14.87,,,,,,
1-Heptene,11.78,,,,,,
2-Heptene,14.61,,,,-73.8,,
2-Heptene,14.24,,,,,,
2-Heptene,14.9,,,,,,
1-Octene,16.88,,,,-81.36,464.47,176.6
1-Octene,15.02,,,,,,
1-Octene,16,,,,,,
1-Octene,11.78,,,,,,
1-Octene,17.03,,,,,,
1-Nonene,15.07,,,,,503.05,199.3
1-Nonene,16.61,,,,,,
Propyne,5.93,,,,184.9,248.47,60.7
Propyne,6.54,,,,,,
Propyne,6.46,,,,,,
1-Butyne,7.24,,,,165.2,,81.4
1-Butyne,6.79,,,,,,
1-Pentyne,8.93,,,,,,106.6
1-Pentyne,7.94,,,,,,
1-Hexyne,7.48,,,,,,129.2
1-Hexyne,9.07,,,,,,
3-Hexyne,6.96,,,,,,
"1,6-Heptadiyne",0.37,,,,,,
1-Heptyne,10,,,,,,
2-Heptyne,7.19,,,,,,
2-Methyl-3-hexyne,9.04,,,,,,
1-Octyne,10.83,,,,,,174.6
"2,2-Dimethyl-3-hexyne",10.72,,,,,,
"1,8-Nonadiyne",6.95,,,,,,
1-Nonyne,11.23,,,,63.01,,197.3
"2,2,5-Trimethyl-3-hexyne",12.44,,,,,,
"2,2,5,5-Tetramethyl-3-hexyne",13.59,,,,,,
Benzene,4.25,,,,82.92,269.64,82.1
Benzene,4.26,,,,,,
Benzene,3.62,,,,,,
Benzene,4.24,,,,,,
Benzene,4.07,,,,,,
Benzene,4.39,,,,,,
Benzene,4.29,,,,,,
Benzene,4.25,,,,,,
Benzene,4.27,,,,,,
Benzene,4.36,,,,,,
Benzene,4.51,,,,,,
Benzene,4.27,,,,,,
Benzene,4.35,,,,,,
Benzene,4.28,,,,,,
Benzene,4.16,,,,,,
Benzene,4.54,,,,,,
Benzene,4.59,,,,,,
Benzene,4.24,,,,,,
Benzene,3.86,,,,,,
Benzene,4.49,,,,,,
Benzene,4.14,,,,,,
Benzene,4.3,,,,,,
Benzene,4.18,,,,,,
Benzene,4.15,,,,,,
Benzene,4.46,,,,,,
Benzene,4.28,,,,,,
Benzene,4.33,,,,,,
Benzene,4.41,,,,,,
Benzene,4.27,,,,,,
Benzene,4.31,,,,,,
Benzene,4.38,,,,,,
Benzene,3.44,,,,,,
Benzene,4.34,,,,,,
Benzene,3.84,,,,,,
Benzene,4.35,,,,,,
Benzene,4.04,,,,,,
Benzene,4.45,,,,,,
Benzene,4.21,,,,,,
Benzene,4.2,,,,,,
Benzene,4.76,,,,,,
Benzene,4.48,,,,,,
Benzene,4.28,,,,,,
Benzene,4.28,,,,,,
Benzene,4.2,,,,,,
Benzene,4.1,,,,,,
Benzene,4.08,,,,,,
Benzene,4.16,,,,,,
Benzene,4.26,,,,,,
Benzene,4.21,,,,,,
Benzene,4.24,,,,,,
Benzene,4.22,,,,,,
Benzene,4.21,,,,,,
Benzene,4.28,,,,,,
Benzene,6.06,,,,,,
Benzene,3.98,,,,,,
Benzene,4.28,,,,,,
Benzene,4.18,,,,,,
Benzene,4.23,,,,,,
Benzene,5.66,,,,,,
Benzene,4.01,,,,,,
Benzene,4.7,,,,,,
Benzene,4.26,,,,,,
Benzene,4.24,,,,,,
Benzene,4.15,,,,,,
Benzene,3.83,,,,,,
Benzene,4.34,,,,,,
Benzene,5.48,,,,,,
Benzene,3.73,,,,,,
Benzene,4.31,,,,,,
Benzene,4.23,,,,,,
Benzene,4.3,,,,,,
Benzene,4.19,,,,,,
Benzene,4.29,,,,,,
Benzene,4.28,,,,,,
Benzene,4.19,,,,,,
Benzene,4.31,,,,,,
Benzene,4.23,,,,,,
Benzene,4.17,,,,,,
Benzene,4.65,,,,,,
Benzene,4.21,,,,,,
Benzene,4.1,,,,,,
Benzene,4.28,,,,,,
Benzene,4.12,,,,,,
Benzene,4.13,,,,,,
Methylbenzene,5.2,,,,50.46,321.44,103.6
Methylbenzene,4.38,,,,,,
Methylbenzene,4.62,,,,,,
Methylbenzene,4.53,,,,,,
Methylbenzene,4.53,,,,,,
Methylbenzene,4.39,,,,,,
Methylbenzene,5.6,,,,,,
Methylbenzene,4.8,,,,,,
Methylbenzene,4.58,,,,,,
Methylbenzene,4.48,,,,,,
Methylbenzene,4.59,,,,,,
Methylbenzene,4.69,,,,,,
Methylbenzene,4.8,,,,,,
Methylbenzene,5.07,,,,,,
Methylbenzene,4.45,,,,,,
Methylbenzene,4.97,,,,,,
Methylbenzene,4.73,,,,,,
Methylbenzene,4.24,,,,,,
Methylbenzene,4.72,,,,,,
Methylbenzene,4.98,,,,,,
Methylbenzene,4.42,,,,,,
Methylbenzene,4.62,,,,,,
Methylbenzene,4.64,,,,,,
Methylbenzene,4.55,,,,,,
Methylbenzene,4.54,,,,,,
Methylbenzene,5.1,,,,,,
Methylbenzene,3.64,,,,,,
Methylbenzene,4.61,,,,,,
Methylbenzene,4.93,,,,,,
Methylbenzene,4.11,,,,,,
Methylbenzene,2.95,,,,,,
Methylbenzene,4.43,,,,,,
Methylbenzene,4.61,,,,,,
Methylbenzene,4.33,,,,,,
Methylbenzene,4.7,,,,,,
Methylbenzene,4.25,,,,,,
Methylbenzene,4.36,,,,,,
Methylbenzene,4.7,,,,,,
Methylbenzene,4.99,,,,,,
Methylbenzene,4.68,,,,,,
Methylbenzene,4.31,,,,,,
Methylbenzene,3.27,,,,,,
Methylbenzene,4.43,,,,,,
Methylbenzene,4.73,,,,,,
Methylbenzene,4.47,,,,,,
Methylbenzene,4.53,,,,,,
Methylbenzene,4.77,,,,,,
Methylbenzene,3.7,,,,,,
Methylbenzene,4.24,,,,,,
Methylbenzene,4.28,,,,,,
Methylbenzene,2,,,,,,
Methylbenzene,4.72,,,,,,
Methylbenzene,4.55,,,,,,
Methylbenzene,4.13,,,,,,
Methylbenzene,4.55,,,,,,
Methylbenzene,4.64,,,,,,
Methylbenzene,4.86,,,,,,
Methylbenzene,4.7,,,,,,
Methylbenzene,6.77,,,,,,
Methylbenzene,4.23,,,,,,
Methylbenzene,4.98,,,,,,
Methylbenzene,4.47,,,,,,
Methylbenzene,4.57,,,,,,
Methylbenzene,4.23,,,,,,
Methylbenzene,4.72,,,,,,
Methylbenzene,4.34,,,,,,
Methylbenzene,5,,,,,,
Methylbenzene,4.4,,,,,,
Methylbenzene,4.73,,,,,,
Methylbenzene,4.63,,,,,,
Methylbenzene,4.24,,,,,,
Methylbenzene,4.79,,,,,,
Methylbenzene,4.66,,,,,,
Methylbenzene,4.82,,,,,,
Methylbenzene,4.02,,,,,,
"1,2-Dimethylbenzene",3.44,,,,19.1,351.95,132.7
"1,2-Dimethylbenzene",4.15,,,,,,
"1,2-Dimethylbenzene",3.81,,,,,,
"1,2-Dimethylbenzene",3.7,,,,,,
"1,2-Dimethylbenzene",4.92,,,,,,
"1,2-Dimethylbenzene",3.6,,,,,,
"1,2-Dimethylbenzene",4.01,,,,,,
"1,2-Dimethylbenzene",4.16,,,,,,
"1,2-Dimethylbenzene",3.64,,,,,,
"1,2-Dimethylbenzene",3.92,,,,,,
"1,2-Dimethylbenzene",3.92,,,,,,
"1,2-Dimethylbenzene",4.19,,,,,,
"1,2-Dimethylbenzene",3.65,,,,,,
"1,2-Dimethylbenzene",4.2,,,,,,
"1,2-Dimethylbenzene",4.36,,,,,,
"1,2-Dimethylbenzene",4.36,,,,,,
"1,2-Dimethylbenzene",4.3,,,,,,
"1,2-Dimethylbenzene",3.62,,,,,,
"1,2-Dimethylbenzene",2.96,,,,,,
"1,2-Dimethylbenzene",4.23,,,,,,
"1,2-Dimethylbenzene",4.24,,,,,,
"1,2-Dimethylbenzene",3.86,,,,,,
"1,3-Dimethylbenzene",5.33,,,,17.34,357.86,125.8
"1,3-Dimethylbenzene",4.7,,,,,,
"1,3-Dimethylbenzene",4.72,,,,,,
"1,3-Dimethylbenzene",4.68,,,,,,
"1,3-Dimethylbenzene",4.51,,,,,,
"1,3-Dimethylbenzene",4.86,,,,,,
"1,3-Dimethylbenzene",4.63,,,,,,
"1,3-Dimethylbenzene",5.03,,,,,,
"1,3-Dimethylbenzene",4.76,,,,,,
"1,3-Dimethylbenzene",4.94,,,,,,
"1,3-Dimethylbenzene",4.97,,,,,,
"1,3-Dimethylbenzene",5.19,,,,,,
"1,3-Dimethylbenzene",4.88,,,,,,
"1,3-Dimethylbenzene",4.98,,,,,,
"1,3-Dimethylbenzene",5.32,,,,,,
"1,3-Dimethylbenzene",5.32,,,,,,
"1,3-Dimethylbenzene",4.66,,,,,,
"1,3-Dimethylbenzene",5.1,,,,,,
"1,3-Dimethylbenzene",4.25,,,,,,
"1,3-Dimethylbenzene",4.84,,,,,,
"1,3-Dimethylbenzene",4.92,,,,,,
"1,3-Dimethylbenzene",4.91,,,,,,
"1,3-Dimethylbenzene",4.37,,,,,,
"1,3-Dimethylbenzene",4.69,,,,,,
"1,4-Dimethylbenzene",4.7,,,,17.97,352.2,126
"1,4-Dimethylbenzene",4.98,,,,,,
"1,4-Dimethylbenzene",4.75,,,,,,
"1,4-Dimethylbenzene",5.57,,,,,,
"1,4-Dimethylbenzene",4.95,,,,,,
"1,4-Dimethylbenzene",4.34,,,,,,
"1,4-Dimethylbenzene",4.49,,,,,,
"1,4-Dimethylbenzene",4.83,,,,,,
"1,4-Dimethylbenzene",5.15,,,,,,
"1,4-Dimethylbenzene",5.04,,,,,,
"1,4-Dimethylbenzene",4.88,,,,,,
"1,4-Dimethylbenzene",5.25,,,,,,
"1,4-Dimethylbenzene",2.92,,,,,,
"1,4-Dimethylbenzene",4.97,,,,,,
"1,4-Dimethylbenzene",5.07,,,,,,
"1,4-Dimethylbenzene",4.33,,,,,,
"1,4-Dimethylbenzene",5.09,,,,,,
"1,4-Dimethylbenzene",5.11,,,,,,
"1,4-Dimethylbenzene",5.11,,,,,,
"1,4-Dimethylbenzene",5.13,,,,,,
"1,4-Dimethylbenzene",4.7,,,,,,
"1,4-Dimethylbenzene",5.02,,,,,,
"1,4-Dimethylbenzene",3.59,,,,,,
"1,4-Dimethylbenzene",4.96,,,,,,
"1,4-Dimethylbenzene",4.49,,,,,,
"1,4-Dimethylbenzene",4.52,,,,,,
Ethylbenzene,5.13,,,,29.89,360.6,127.6
Ethylbenzene,5.12,,,,,,
Ethylbenzene,4.81,,,,,,
Ethylbenzene,5.19,,,,,,
Ethylbenzene,5.43,,,,,,
Ethylbenzene,4.71,,,,,,
Ethylbenzene,5.12,,,,,,
Ethylbenzene,5.33,,,,,,
Ethylbenzene,5.08,,,,,,
Ethylbenzene,5.1,,,,,,
Ethylbenzene,4.99,,,,,,
Ethylbenzene,5.04,,,,,,
Ethylbenzene,5.04,,,,,,
Ethylbenzene,5.47,,,,,,
Ethylbenzene,4.39,,,,,,
Ethylbenzene,5.12,,,,,,
"1,3,5-Trimethylbenzene",4.39,,,,-15.89,385.72,147.9
"1,3,5-Trimethylbenzene",4.61,,,,,,
"1,3,5-Trimethylbenzene",4.81,,,,,,
"1,3,5-Trimethylbenzene",5.04,,,,,,
"1,3,5-Trimethylbenzene",4.73,,,,,,
"1,3,5-Trimethylbenzene",5.2,,,,,,
"1,3,5-Trimethylbenzene",5.53,,,,,,
"1,3,5-Trimethylbenzene",5.22,,,,,,
"1,3,5-Trimethylbenzene",4.83,,,,,,
"1,3,5-Trimethylbenzene",5.81,,,,,,
"1,3,5-Trimethylbenzene",3.49,,,,,,
1-Ethyl-2-methylbenzene,4.25,,,,0.54,,155.9
"1,2,3-Trimethylbenzene",3.31,,,,-9.44,384.73,154.8
"1,2,3-Trimethylbenzene",3.35,,,,,,
"1,2,3-Trimethylbenzene",2.97,,,,,,
"1,2,4-Trimethylbenzene",4.59,,,,-13.86,395.31,150.1
"1,2,4-Trimethylbenzene",4.42,,,,,,
"1,2,4-Trimethylbenzene",4.63,,,,,,
"1,2,4-Trimethylbenzene",4.63,,,,,,
"1,2,4-Trimethylbenzene",4.31,,,,,,
cumene,6.04,,,,4.05,386.11,159.3
cumene,5.97,,,,,,
cumene,5.95,,,,,,
cumene,4.26,,,,,,
cumene,6.19,,,,,,
cumene,6.79,,,,,,
cumene,6.79,,,,,,
cumene,6.04,,,,,,
cumene,6.69,,,,,,
cumene,6.7,,,,,,
cumene,5.53,,,,,,
cumene,4.52,,,,,,
n-Propylbenzene,5.72,,,,7.94,,152.9
n-Propylbenzene,6.04,,,,,,
n-Propylbenzene,6.1,,,,,,
n-Propylbenzene,6.08,,,,,,
n-Propylbenzene,6.01,,,,,,
n-Propylbenzene,5.95,,,,,,
n-Propylbenzene,4.66,,,,,,
n-Propylbenzene,5.9,,,,,,
n-Propylbenzene,5.62,,,,,,
n-Propylbenzene,5.95,,,,,,
n-Propylbenzene,5.79,,,,,,
n-Propylbenzene,6.19,,,,,,
n-Propylbenzene,5.84,,,,,,
n-Propylbenzene,6.1,,,,,,
n-Propylbenzene,5.93,,,,,,
n-Propylbenzene,5.86,,,,,,
n-Propylbenzene,5.49,,,,,,
n-Propylbenzene,3.78,,,,,,
n-Propylbenzene,5.71,,,,,,
n-Propylbenzene,4.24,,,,,,
"1,1-Dimethylethylbenzene",6.41,,,,-22.51,,
"1,1-Dimethylethylbenzene",6.06,,,,,,
"1,2,4,5-Tetramethylbenzene",5.07,,,,-46.69,,189.5
"1,2,4,5-Tetramethylbenzene",5.07,,,,,,
1-Methyl-2-(1-methylethyl)benzene,4.16,,,,-24.36,,
1-Methyl-3-(1-methylethyl)benzene,4.8,,,,-30.14,,
1-Methyl-4-(1-methylethyl)benzene,6.17,,,,-29.51,,
1-Methyl-4-(1-methylethyl)benzene,4.15,,,,,,
1-Methyl-4-(1-methylethyl)benzene,7.16,,,,,,
1-Methyl-4-(1-methylethyl)benzene,6.07,,,,,,
sec-Butylbenzene,7.29,,,,-17.93,,
sec-Butylbenzene,5.89,,,,,,
2-Methylpropylbenzene,8.77,,,,-21.76,,
2-Methylpropylbenzene,8.77,,,,,,
n-Butylbenzene,6.83,,,,-12.35,,174.3
n-Butylbenzene,6.46,,,,,,
n-Butylbenzene,5.65,,,,,,
n-Butylbenzene,6.98,,,,,,
n-Butylbenzene,6.66,,,,,,
n-Butylbenzene,6.51,,,,,,
n-Butylbenzene,5.1,,,,,,
n-Butylbenzene,7.08,,,,,,
n-Butylbenzene,6.53,,,,,,
n-Butylbenzene,7.12,,,,,,
n-Butylbenzene,6.53,,,,,,
n-Butylbenzene,6.92,,,,,,
n-Butylbenzene,5.92,,,,,,
n-Butylbenzene,3.35,,,,,,
n-Butylbenzene,6.77,,,,,,
n-Butylbenzene,3.45,,,,,,
n-Pentylbenzene,6.91,,,,-34.17,,
n-Pentylbenzene,7.54,,,,,,
n-Pentylbenzene,7.22,,,,,,
"1,3,5-Triethylbenzene",6.32,,,,,,224.4
n-Hexylbenzene,8.15,,,,,,
n-Hexylbenzene,7.91,,,,,,
n-Hexylbenzene,7.85,,,,,,
n-Decylbenzene,12.51,,,,,,
Cyclopropane,11.09,,,,53.3,237.38,55.5
Cyclopropane,11.18,,,,,,
Cyclopropane,11.07,,,,,,
Cyclopropane,11.07,,,,,,
Cyclopropane,10.82,,,,,,
Cyclopropane,11.02,,,,,,
Cyclopropane,11.23,,,,,,
Cyclopropane,11.23,,,,,,
Cyclopropane,11.19,,,,,,
Cyclopentane,12.81,,,,-76.38,292.86,82.8
Cyclopentane,12.6,,,,,,
Cyclopentane,13.01,,,,,,
Cyclopentane,12.84,,,,,,
Cyclopentane,12.9,,,,,,
Cyclopentane,11.02,,,,,,
Cyclopentane,12.97,,,,,,
Cyclohexane,12.9,,,,-123.28,297.39,106.3
Cyclohexane,12.77,,,,,,
Cyclohexane,13.17,,,,,,
Cyclohexane,13.11,,,,,,
Cyclohexane,12.9,,,,,,
Cyclohexane,12.95,,,,,,
Cyclohexane,12.83,,,,,,
Cyclohexane,13.2,,,,,,
Cyclohexane,12.98,,,,,,
Cyclohexane,13.24,,,,,,
Cyclohexane,13.11,,,,,,
Cyclohexane,11.32,,,,,,
Cyclohexane,12.63,,,,,,
Cyclohexane,12.96,,,,,,
Cyclohexane,13.02,,,,,,
Cyclohexane,11.79,,,,,,
Cyclohexane,13.07,,,,,,
Cyclohexane,13.1,,,,,,
Cyclohexane,12.17,,,,,,
Cyclohexane,12.77,,,,,,
Methylcyclopentane,14.49,,,,-106.12,339.9,109.8
Methylcyclopentane,14.62,,,,,,
Methylcyclopentane,14.61,,,,,,
Cycloheptane,11.52,,,,-118,342.33,132.2
Cycloheptane,11.27,,,,,,
Methylcyclohexane,10.5,,,,-154.66,343.4,136
Methylcyclohexane,15.12,,,,,,
Methylcyclohexane,11.7,,,,,,
Methylcyclohexane,14.59,,,,,,
Methylcyclohexane,14.79,,,,,,
Methylcyclohexane,15.17,,,,,,
Methylcyclohexane,14.83,,,,,,
Methylcyclohexane,14.71,,,,,,
Methylcyclohexane,15.04,,,,,,
"1,1,3-Trimethylcyclopentane",18.27,,,,,,
Cyclooctane,11.52,,,,-124,366.73,147.1
Propylcyclopentane,16.97,,,,-147.68,,160.3
"1,1,3-Trimethylcyclohexane",17.14,,,,,,
Pentylcyclopentane,19.06,,,,,,
"1,3-Cyclopentadiene",6.89,,,,132.4,274.15,75.1
"1,3-Cyclopentadiene",9.95,,,,,,
Cyclopentene,9.35,,,,32.2,291.38,81.3
Cyclopentene,7.49,,,,,,
Cyclopentene,9.96,,,,,,
Cyclopentene,10.27,,,,,,
"1,4-Cyclohexadiene",4.98,,,,104.75,296.6,94.8
"1,4-Cyclohexadiene",5.7,,,,,,
Cyclohexene,8.4,,,,-4.93,310.63,101.5
Cyclohexene,9.53,,,,,,
Cyclohexene,8.91,,,,,,
Cyclohexene,9.77,,,,,,
Cyclohexene,8.63,,,,,,
Cyclohexene,8.95,,,,,,
Cyclohexene,9.47,,,,,,
Cyclohexene,10.19,,,,,,
Cyclohexene,10.48,,,,,,
Cyclohexene,10.66,,,,,,
"1,3,5-Cycloheptatriene",3.6,,,,180.8,316.36,106.3
"1,3,5-Cycloheptatriene",3.8,,,,,,
1-Methylcyclohexene,11.04,,,,-43.74,,
Cycloheptene,9.68,,,,-9.2,332.12,124.1
Methanol,-13.19,,,,-201.27,239.88,44.2
Methanol,-12.89,,,,,,
Methanol,-13.25,,,,,,
Methanol,-13.01,,,,,,
Methanol,-13.41,,,,,,
Methanol,-13.25,,,,,,
Methanol,-12.61,,,,,,
Methanol,-13.31,,,,,,
Methanol,-13.39,,,,,,
Methanol,-13.77,,,,,,
Methanol,-13.44,,,,,,
Methanol,-12.98,,,,,,
Methanol,-13.25,,,,,,
Methanol,-13.01,,,,,,
Methanol,-13.84,,,,,,
Methanol,-13.19,,,,,,
Methanol,-13.2,,,,,,
Methanol,-13.4,,,,,,
Methanol,-13.2,,,,,,
Methanol,-13.15,,,,,,
Methanol,-13.1,,,,,,
Methanol,-13.18,,,,,,
Methanol,-17.85,,,,,,
Methanol,-13.15,,,,,,
Methanol,-13.29,,,,,,
Methanol,-13.03,,,,,,
Methanol,-13.4,,,,,,
Methanol,-13.19,,,,,,
Methanol,-12.97,,,,,,
Methanol,-12.52,,,,,,
Methanol,-12.85,,,,,,
Methanol,-13.2,,,,,,
Methanol,-13.5,,,,,,
Methanol,-12.48,,,,,,
Methanol,-13.44,,,,,,
Methanol,-13.37,,,,,,
Ethanol,-13.07,,,,-235.14,280.64,65.4
Ethanol,-13.26,,,,,,
Ethanol,-12.76,,,,,,
Ethanol,-11.74,,,,,,
Ethanol,-12.16,,,,,,
Ethanol,-12.79,,,,,,
Ethanol,-13.03,,,,,,
Ethanol,-13.03,,,,,,
Ethanol,-12.58,,,,,,
Ethanol,-12.98,,,,,,
Ethanol,-12.14,,,,,,
Ethanol,-12.97,,,,,,
Ethanol,-12.2,,,,,,
Ethanol,-12.26,,,,,,
Ethanol,-13.01,,,,,,
Ethanol,-12.82,,,,,,
Ethanol,-12.99,,,,,,
Ethanol,-12.89,,,,,,
Ethanol,-13.14,,,,,,
Ethanol,-13.05,,,,,,
Ethanol,-13.14,,,,,,
Ethanol,-12.77,,,,,,
Ethanol,-12.87,,,,,,
Ethanol,-13.34,,,,,,
Ethanol,-13.23,,,,,,
Ethanol,-13.01,,,,,,
Ethanol,-12.95,,,,,,
Ethanol,-12.79,,,,,,
Ethanol,-12.9,,,,,,
Ethanol,-15.94,,,,,,
Ethanol,-12.89,,,,,,
Ethanol,-12.94,,,,,,
Ethanol,-12.7,,,,,,
Ethanol,-12.75,,,,,,
Ethanol,-12.67,,,,,,
Ethanol,-13,,,,,,
Ethanol,-12.92,,,,,,
Ethanol,-13.29,,,,,,
Ethanol,-13.46,,,,,,
Ethanol,-12.85,,,,,,
Ethanol,-12.38,,,,,,
Ethanol,-12.62,,,,,,
Ethanol,-13,,,,,,
Ethanol,-13.36,,,,,,
Ethanol,-13.06,,,,,,
Ethanol,-12.99,,,,,,
Ethanol,-12.96,,,,,,
Ethanol,-13.02,,,,,,
Ethanol,-13.19,,,,,,
n-Propanol,-12.43,,,,-255.1,322.58,85.6
n-Propanol,-10.8,,,,,,
n-Propanol,-12.73,,,,,,
n-Propanol,-12.32,,,,,,
n-Propanol,-12.52,,,,,,
n-Propanol,-12.42,,,,,,
n-Propanol,-12.12,,,,,,
n-Propanol,-13.88,,,,,,
n-Propanol,-12.36,,,,,,
n-Propanol,-12.4,,,,,,
n-Propanol,-12.78,,,,,,
n-Propanol,-12.25,,,,,,
n-Propanol,-12.4,,,,,,
n-Propanol,-11.92,,,,,,
n-Propanol,-12.11,,,,,,
n-Propanol,-12.46,,,,,,
n-Propanol,-12.27,,,,,,
n-Propanol,-6.69,,,,,,
n-Propanol,-12.84,,,,,,
n-Propanol,-12.13,,,,,,
n-Propanol,-12.84,,,,,,
n-Propanol,-12.91,,,,,,
n-Propanol,-12.23,,,,,,
n-Propanol,-14.68,,,,,,
n-Propanol,-12.32,,,,,,
n-Propanol,-12.29,,,,,,
n-Propanol,-12.37,,,,,,
n-Propanol,-12.67,,,,,,
n-Propanol,-11.75,,,,,,
n-Propanol,-10.76,,,,,,
n-Propanol,-12.61,,,,,,
n-Propanol,-12.52,,,,,,
n-Propanol,-12.3,,,,,,
n-Propanol,-12.57,,,,,,
n-Butanol,-12.02,,,,-274.88,361.9,108
n-Butanol,-11.91,,,,,,
n-Butanol,-11.8,,,,,,
n-Butanol,-11.66,,,,,,
n-Butanol,-11.88,,,,,,
n-Butanol,-11.93,,,,,,
n-Butanol,-11.91,,,,,,
n-Butanol,-11.61,,,,,,
n-Butanol,-12.05,,,,,,
n-Butanol,-11.91,,,,,,
n-Butanol,-11.78,,,,,,
n-Butanol,-11.55,,,,,,
n-Butanol,-13.21,,,,,,
n-Butanol,-12.07,,,,,,
n-Butanol,-11.8,,,,,,
n-Butanol,-10.83,,,,,,
n-Butanol,-11.95,,,,,,
n-Butanol,-11.78,,,,,,
n-Butanol,-11.99,,,,,,
n-Butanol,-8.47,,,,,,
n-Butanol,-12.05,,,,,,
n-Butanol,-10.6,,,,,,
n-Butanol,-12.4,,,,,,
n-Butanol,-12.26,,,,,,
n-Butanol,-11.98,,,,,,
n-Butanol,-12.21,,,,,,
n-Butanol,-12.03,,,,,,
n-Butanol,-12.17,,,,,,
n-Butanol,-11.8,,,,,,
n-Butanol,-11.75,,,,,,
n-Butanol,-11.8,,,,,,
n-Butanol,-11.88,,,,,,
n-Butanol,-11.86,,,,,,
n-Butanol,-11.79,,,,,,
n-Butanol,-11.98,,,,,,
n-Butanol,-12.35,,,,,,
n-Butanol,-11.71,,,,,,
n-Butanol,-11.99,,,,,,
n-Butanol,-11.71,,,,,,
n-Butanol,-12.2,,,,,,
n-Butanol,-11.76,,,,,,
n-Butanol,-11.78,,,,,,
n-Butanol,-12.14,,,,,,
1-Pentanol,-11.77,,,,-294.56,,131
1-Pentanol,-11.23,,,,,,
1-Pentanol,-11.16,,,,,,
1-Pentanol,-10.83,,,,,,
1-Pentanol,-12.01,,,,,,
1-Pentanol,-11.63,,,,,,
1-Pentanol,-11.59,,,,,,
1-Pentanol,-11.38,,,,,,
1-Pentanol,-10.78,,,,,,
1-Pentanol,-11.7,,,,,,
1-Pentanol,-11.09,,,,,,
1-Pentanol,-11.38,,,,,,
1-Pentanol,-11.7,,,,,,
1-Pentanol,-10.05,,,,,,
1-Pentanol,-11.24,,,,,,
1-Pentanol,-11.59,,,,,,
1-Pentanol,-11.45,,,,,,
1-Pentanol,-11.1,,,,,,
1-Pentanol,-11.58,,,,,,
1-Pentanol,-10.15,,,,,,
1-Pentanol,-11.17,,,,,,
1-Pentanol,-11.39,,,,,,
1-Pentanol,-10.98,,,,,,
1-Pentanol,-11.16,,,,,,
1-Pentanol,-13.43,,,,,,
1-Pentanol,-10.76,,,,,,
1-Pentanol,-10.81,,,,,,
n-Hexanol,-10.57,,,,-315.89,,153.7
n-Hexanol,-10.56,,,,,,
n-Hexanol,-9.47,,,,,,
n-Hexanol,-9.44,,,,,,
n-Hexanol,-11.49,,,,,,
n-Hexanol,-11.38,,,,,,
n-Hexanol,-10.09,,,,,,
n-Hexanol,-10.38,,,,,,
n-Hexanol,-10.36,,,,,,
n-Hexanol,-10.23,,,,,,
n-Hexanol,-9.77,,,,,,
n-Hexanol,-9.25,,,,,,
n-Hexanol,-11.6,,,,,,
n-Hexanol,-10.49,,,,,,
n-Hexanol,-10.89,,,,,,
n-Hexanol,-10.01,,,,,,
n-Hexanol,-10.59,,,,,,
n-Hexanol,-8.98,,,,,,
n-Hexanol,-10.58,,,,,,
n-Hexanol,-9.74,,,,,,
n-Hexanol,-10.42,,,,,,
n-Hexanol,-10.48,,,,,,
n-Hexanol,-10.39,,,,,,
n-Hexanol,-10.51,,,,,,
n-Hexanol,-10.06,,,,,,
n-Hexanol,-10.32,,,,,,
n-Heptanol,-11.27,,,,-336.49,,176.4
n-Heptanol,-11.04,,,,,,
n-Heptanol,-7.14,,,,,,
n-Heptanol,-9.09,,,,,,
n-Heptanol,-8.98,,,,,,
n-Heptanol,-10.06,,,,,,
n-Heptanol,-9.96,,,,,,
n-Heptanol,-9.59,,,,,,
n-Heptanol,-10.15,,,,,,
n-Heptanol,-9.46,,,,,,
n-Heptanol,-9.81,,,,,,
n-Heptanol,-9.72,,,,,,
n-Heptanol,-9.8,,,,,,
n-Octanol,-10.36,,,,-355.52,,199.1
n-Octanol,-10.22,,,,,,
n-Octanol,-9.06,,,,,,
n-Octanol,-9.02,,,,,,
n-Octanol,-8.79,,,,,,
n-Octanol,-9.6,,,,,,
n-Octanol,-9.48,,,,,,
n-Octanol,-8.91,,,,,,
n-Octanol,-9.17,,,,,,
n-Octanol,-9.19,,,,,,
1-Nonanol,-8.49,,,,-376.54,,221.8
1-Nonanol,-8.74,,,,,,
1-Nonanol,-8.4,,,,,,
1-Nonanol,-8.75,,,,,,
1-Nonanol,-8.06,,,,,,
1-Decanol,-8.52,,,,-396.6,,244.6
1-Decanol,-9.75,,,,,,
1-Decanol,-7.91,,,,,,
1-Undecanol,-6.48,,,,-417.1,,267.3
1-Undecanol,-15.4,,,,,,
1-Dodecanol,-5.44,,,,-436.54,,290
1-Dodecanol,-9.41,,,,,,
1-Dodecanol,-18.51,,,,,,
1-Dodecanol,-7.32,,,,,,
1-Dodecanol,-6.25,,,,,,
2-Propanol,-12.23,,,,-272.62,309.2,89.6
2-Propanol,-12.57,,,,,,
2-Propanol,-11.81,,,,,,
2-Propanol,-11.21,,,,,,
2-Propanol,-11.97,,,,,,
2-Propanol,-11.99,,,,,,
2-Propanol,-12.29,,,,,,
2-Propanol,-10.2,,,,,,
2-Propanol,-11.28,,,,,,
2-Propanol,-12.04,,,,,,
2-Propanol,-11.95,,,,,,
2-Propanol,-12.21,,,,,,
2-Propanol,-11.78,,,,,,
2-Propanol,-11.97,,,,,,
2-Propanol,-11.96,,,,,,
2-Propanol,-11.81,,,,,,
2-Propanol,-13.21,,,,,,
2-Propanol,-11.83,,,,,,
2-Propanol,-11.72,,,,,,
2-Propanol,-11.95,,,,,,
2-Propanol,-11.69,,,,,,
2-Propanol,-11.78,,,,,,
2-Propanol,-13.66,,,,,,
2-Propanol,-12.64,,,,,,
2-Propanol,-11.97,,,,,,
2-Propanol,-11.93,,,,,,
2-Butanol,-11.35,,,,-292.79,359.53,113.1
2-Butanol,-10.74,,,,,,
2-Butanol,-10.96,,,,,,
2-Butanol,-11.62,,,,,,
2-Butanol,-11.84,,,,,,
2-Butanol,-10.7,,,,,,
2-Butanol,-11.4,,,,,,
2-Butanol,-11.64,,,,,,
2-Butanol,-11.1,,,,,,
2-Butanol,-11.23,,,,,,
2-Butanol,-11.37,,,,,,
2-Butanol,-11.25,,,,,,
2-Butanol,-11.36,,,,,,
2-Butanol,-11.33,,,,,,
2-Methyl-1-propanol,-10.94,,,,-283.81,,
2-Methyl-1-propanol,-10.8,,,,,,
2-Methyl-1-propanol,-10.88,,,,,,
2-Methyl-1-propanol,-11.71,,,,,,
2-Methyl-1-propanol,-10.81,,,,,,
2-Methyl-1-propanol,-11.65,,,,,,
2-Methyl-1-propanol,-10.74,,,,,,
2-Methyl-1-propanol,-11.22,,,,,,
2-Methyl-1-propanol,-10.71,,,,,,
2-Methyl-1-propanol,-10.82,,,,,,
2-Methyl-1-propanol,-10.83,,,,,,
2-Methyl-1-propanol,-11.44,,,,,,
2-Methyl-1-propanol,-10.83,,,,,,
2-Methyl-1-propanol,-10.72,,,,,,
2-Methyl-1-propanol,-10.77,,,,,,
2-Methyl-1-propanol,-10.88,,,,,,
2-Methyl-1-propanol,-11.84,,,,,,
2-Methyl-1-propanol,-10.97,,,,,,
2-Methyl-2-propanol,-11,,,,-312.46,326.7,114
2-Methyl-2-propanol,-11.64,,,,,,
2-Methyl-2-propanol,-10.89,,,,,,
2-Methyl-2-propanol,-10.8,,,,,,
2-Methyl-2-propanol,-10.98,,,,,,
2-Methyl-2-propanol,-10.42,,,,,,
2-Methyl-2-propanol,-11.05,,,,,,
2-Methyl-2-propanol,-10.49,,,,,,
2-Methyl-2-propanol,-10.81,,,,,,
2-Methyl-2-propanol,-10.92,,,,,,
2-Methyl-2-propanol,-10.88,,,,,,
2-Methyl-2-propanol,-10.74,,,,,,
2-Methyl-2-propanol,-10.95,,,,,,
"2,2-Dimethyl-1-propanol",-8.3,,,,,,
"2,2-Dimethyl-1-propanol",-8.3,,,,,,
"2,2-Dimethyl-1-propanol",-8.46,,,,,,
2-Methyl-1-butanol,-10.91,,,,-301.42,,
2-Methyl-1-butanol,-10.82,,,,,,
2-Methyl-1-butanol,-10.55,,,,,,
2-Methyl-1-butanol,-10.92,,,,,,
2-Methyl-1-butanol,-11.1,,,,,,
2-Methyl-1-butanol,-11.08,,,,,,
2-Methyl-2-butanol,-9.78,,,,-329.33,,131.7
2-Methyl-2-butanol,-9.54,,,,,,
2-Methyl-2-butanol,-10.52,,,,,,
2-Methyl-2-butanol,-9.48,,,,,,
2-Methyl-2-butanol,-9.66,,,,,,
2-Methyl-2-butanol,-10.45,,,,,,
2-Methyl-2-butanol,-10.45,,,,,,
2-Methyl-2-butanol,-9.82,,,,,,
2-Methyl-2-butanol,-8.9,,,,,,
2-Methyl-2-butanol,-9.64,,,,,,
2-Methyl-2-butanol,-10.6,,,,,,
2-Methyl-2-butanol,-10.59,,,,,,
2-Pentanol,-10.69,,,,-310.97,,
2-Pentanol,-10.53,,,,,,
2-Pentanol,-10.39,,,,,,
2-Pentanol,-10.39,,,,,,
2-Pentanol,-10.46,,,,,,
2-Pentanol,-10.56,,,,,,
2-Pentanol,-10.39,,,,,,
2-Pentanol,-10.57,,,,,,
2-Pentanol,-10.42,,,,,,
3-Methyl-1-butanol,-11.13,,,,-300.77,,
3-Methyl-1-butanol,-10.17,,,,,,
3-Methyl-1-butanol,-11.53,,,,,,
3-Methyl-1-butanol,-10.44,,,,,,
3-Methyl-1-butanol,-10.79,,,,,,
3-Methyl-1-butanol,-10.96,,,,,,
3-Methyl-1-butanol,-10.7,,,,,,
3-Methyl-1-butanol,-10.54,,,,,,
3-Pentanol,-9.75,,,,-314.87,,
3-Pentanol,-9.99,,,,,,
3-Pentanol,-10.09,,,,,,
3-Pentanol,-12.14,,,,,,
3-Pentanol,-10.13,,,,,,
3-Pentanol,-9.77,,,,,,
3-Pentanol,-9.71,,,,,,
3-Pentanol,-9.72,,,,,,
"2,3-Dimethyl-2-butanol",-9.13,,,,-354.99,,
"2,3-Dimethyl-2-butanol",-9.3,,,,,,
2-Ethyl-1-butanol,-9.65,,,,,,
2-Ethyl-1-butanol,-10.19,,,,,,
2-Ethyl-1-butanol,-8.55,,,,,,
2-Ethyl-1-butanol,-9.22,,,,,,
2-Hexanol,-9.58,,,,-333.53,,
2-Hexanol,-9.61,,,,,,
2-Hexanol,-10.02,,,,,,
2-Hexanol,-9.63,,,,,,
2-Hexanol,-9.98,,,,,,
2-Methyl-1-pentanol,-9.65,,,,,,
2-Methyl-1-pentanol,-9.79,,,,,,
2-Methyl-1-pentanol,-9.11,,,,,,
3-Hexanol,-9.04,,,,-334.8,,
3-Hexanol,-9.06,,,,,,
3-Hexanol,-8.99,,,,,,
3-Hexanol,-9.4,,,,,,
3-Methyl-2-pentanol,-9.32,,,,,,
3-Methyl-2-pentanol,-9.69,,,,,,
3-Methyl-3-pentanol,-9.6,,,,,,
3-Methyl-3-pentanol,-9.2,,,,,,
3-Methyl-3-pentanol,-9.24,,,,,,
3-Methyl-3-pentanol,-9.49,,,,,,
4-Methyl-2-pentanol,-8.85,,,,-338.6,,
4-Methyl-2-pentanol,-8.68,,,,,,
4-Methyl-2-pentanol,-8.71,,,,,,
4-Methyl-2-pentanol,-9.1,,,,,,
4-Methyl-2-pentanol,-9.06,,,,,,
4-Methyl-2-pentanol,-9.26,,,,,,
3-Heptanol,-8.46,,,,,,
3-Heptanol,-8.59,,,,,,
3-Heptanol,-8.41,,,,,,
2-Heptanol,-8.81,,,,,,
2-Heptanol,-8.68,,,,,,
3-Ethyl-3-Pentanol,-9.47,,,,,,
3-Ethyl-3-Pentanol,-9.55,,,,,,
4-Heptanol,-8.48,,,,,,
4-Heptanol,-8.91,,,,,,
4-Heptanol,-8.8,,,,,,
2-Ethyl-1-Hexanol,-8.04,,,,-365.4,,
2-Ethyl-1-Hexanol,-8.5,,,,,,
2-Ethyl-1-Hexanol,-9.08,,,,,,
2-Ethyl-1-Hexanol,-7,,,,,,
2-Octanol,-8.4,,,,,,
2-Octanol,-11.63,,,,,,
2-Octanol,-8.21,,,,,,
2-Octanol,-8.88,,,,,,
3-Octanol,-8.04,,,,,,
2-Propen-1-ol,-12.6,,,,-127.6,307.68,76
2-Propen-1-ol,-12.08,,,,,,
2-Propen-1-ol,-11.93,,,,,,
2-Propen-1-ol,-12.72,,,,,,
4-Penten-1-ol,-14.29,,,,,,
Cyclopentanol,-14.7,,,,-242.47,345.57,113
Cyclopentanol,-15.18,,,,,,
Cyclopentanol,-14.68,,,,,,
Cyclopentanol,-15.06,,,,,,
Cyclohexanol,-15.2,,,,-286.18,353.06,132.7
Cyclohexanol,-13.42,,,,,,
Cyclohexanol,-14.89,,,,,,
Cyclohexanol,-16.85,,,,,,
Cyclohexanol,-15.71,,,,,,
Cyclohexanol,-15.1,,,,,,
Cyclohexanol,-15.16,,,,,,
Cyclohexanol,-15.58,,,,,,
Cyclohexanol,-15.62,,,,,,
Cyclohexanol,-15.58,,,,,,
Cycloheptanol,-15.65,,,,,,
Cycloheptanol,-15.95,,,,,,
Cycloheptanol,-15.08,,,,,,
Cyclohexanemethanol,-14.01,,,,,,
Cyclooctanol,-15.8,,,,,,
Acetone,-8.06,,,,-216.83,295.46,74.5
Acetone,-8.51,,,,,,
Acetone,-7.88,,,,,,
Acetone,-5.61,,,,,,
Acetone,-8.13,,,,,,
Acetone,-8.26,,,,,,
Acetone,-8.17,,,,,,
Acetone,-7.88,,,,,,
Acetone,-8.14,,,,,,
Acetone,-6.96,,,,,,
Acetone,-8.13,,,,,,
Acetone,-8.08,,,,,,
Acetone,-8,,,,,,
Acetone,-8.51,,,,,,
Acetone,-8.79,,,,,,
Acetone,-7.73,,,,,,
Acetone,-8.08,,,,,,
Acetone,-8.04,,,,,,
Acetone,-8.03,,,,,,
Acetone,-8.07,,,,,,
Acetone,-8.02,,,,,,
Acetone,-8.17,,,,,,
Acetone,-7.98,,,,,,
Acetone,-7.83,,,,,,
Acetone,-7.92,,,,,,
Acetone,-8.36,,,,,,
Acetone,-7.99,,,,,,
Acetone,-7.35,,,,,,
Acetone,-7.82,,,,,,
Acetone,-7.95,,,,,,
Acetone,-7.99,,,,,,
Acetone,-7.68,,,,,,
Acetone,-7.72,,,,,,
Acetone,-7.54,,,,,,
Acetone,-7.76,,,,,,
Acetone,-8.01,,,,,,
Acetone,-8.92,,,,,,
Acetone,-8.22,,,,,,
Acetone,-8.29,,,,,,
Acetone,-8.45,,,,,,
Acetone,-8.43,,,,,,
2-Butanone,-5.99,,,,-238.38,339.47,103.3
2-Butanone,-7.02,,,,,,
2-Butanone,-6.86,,,,,,
2-Butanone,-8.75,,,,,,
2-Butanone,-6.8,,,,,,
2-Butanone,-7.09,,,,,,
2-Butanone,-7.2,,,,,,
2-Butanone,-8.04,,,,,,
2-Butanone,-7.12,,,,,,
2-Butanone,-6.91,,,,,,
2-Butanone,-7.12,,,,,,
2-Butanone,-6.68,,,,,,
2-Butanone,-7.01,,,,,,
2-Butanone,-7.4,,,,,,
2-Butanone,-6.02,,,,,,
2-Butanone,-5.06,,,,,,
2-Butanone,-7.11,,,,,,
2-Butanone,-6.76,,,,,,
2-Butanone,-6.97,,,,,,
2-Butanone,-7.08,,,,,,
2-Butanone,-6.97,,,,,,
2-Butanone,-6.87,,,,,,
2-Butanone,-6.99,,,,,,
2-Butanone,-7.4,,,,,,
2-Butanone,-6.31,,,,,,
2-Butanone,-7.28,,,,,,
2-Butanone,-7.14,,,,,,
2-Butanone,-6.02,,,,,,
2-Butanone,-7.3,,,,,,
2-Butanone,-7.15,,,,,,
2-Butanone,-7.58,,,,,,
2-Pentanone,-5.99,,,,-258.84,378.7,125.9
2-Pentanone,-6.12,,,,,,
2-Pentanone,-6.34,,,,,,
2-Pentanone,-6.31,,,,,,
2-Pentanone,-6.19,,,,,,
2-Pentanone,-6.09,,,,,,
2-Pentanone,-6.01,,,,,,
2-Pentanone,-5.39,,,,,,
2-Pentanone,-5.98,,,,,,
2-Pentanone,-6.14,,,,,,
2-Pentanone,-6.21,,,,,,
2-Pentanone,-6.52,,,,,,
2-Pentanone,-6.42,,,,,,
2-Pentanone,-7.08,,,,,,
2-Pentanone,-6.43,,,,,,
2-Pentanone,-6.8,,,,,,
2-Pentanone,-5.97,,,,,,
3-Methyl-2-butanone,-4.34,,,,-262.53,,
3-Methyl-2-butanone,-5.58,,,,,,
3-Methyl-2-butanone,-5.41,,,,,,
3-Methyl-2-butanone,-5.6,,,,,,
3-Methyl-2-butanone,-5.28,,,,,,
3-Pentanone,-5.94,,,,-257.82,370.1,129.9
3-Pentanone,-5.87,,,,,,
3-Pentanone,-5.74,,,,,,
3-Pentanone,-5.83,,,,,,
3-Pentanone,-5.34,,,,,,
3-Pentanone,-5.53,,,,,,
3-Pentanone,-5.68,,,,,,
3-Pentanone,-5.81,,,,,,
3-Pentanone,-5.73,,,,,,
3-Pentanone,-6.7,,,,,,
3-Pentanone,-5.77,,,,,,
2-Hexanone,-4.96,,,,-278.85,,148.8
2-Hexanone,-5.77,,,,,,
2-Hexanone,-5.75,,,,,,
2-Hexanone,-5.67,,,,,,
2-Hexanone,-5.94,,,,,,
2-Hexanone,-5.48,,,,,,
2-Hexanone,-5.64,,,,,,
2-Hexanone,-5.87,,,,,,
2-Hexanone,-5.48,,,,,,
2-Hexanone,-5.86,,,,,,
2-Methyl-3-pentanone,-4.05,,,,-286.04,,
"3,3-Dimethyl-2-butanone",-3.68,,,,-290.6,,
"3,3-Dimethyl-2-butanone",-3.62,,,,,,
"3,3-Dimethyl-2-butanone",-3.86,,,,,,
3-Hexanone,0.63,,,,-277.68,,152.7
3-Hexanone,-4.63,,,,,,
3-Hexanone,-4.96,,,,,,
3-Hexanone,-5.15,,,,,,
3-Methyl-2-pentanone,-5.12,,,,,,
4-Methyl-2-pentanone,-4.98,,,,,,
4-Methyl-2-pentanone,-4.67,,,,,,
4-Methyl-2-pentanone,-4.51,,,,,,
4-Methyl-2-pentanone,-5.62,,,,,,
4-Methyl-2-pentanone,-5.63,,,,,,
4-Methyl-2-pentanone,-4.68,,,,,,
4-Methyl-2-pentanone,-4.1,,,,,,
4-Methyl-2-pentanone,-2.33,,,,,,
4-Methyl-2-pentanone,-3.35,,,,,,
4-Methyl-2-pentanone,-4.96,,,,,,
4-Methyl-2-pentanone,-4.46,,,,,,
4-Methyl-2-pentanone,-4.66,,,,,,
4-Methyl-2-pentanone,-4.83,,,,,,
4-Methyl-2-pentanone,-4.54,,,,,,
4-Methyl-2-pentanone,-4.85,,,,,,
4-Methyl-2-pentanone,-4.82,,,,,,
2-Heptanone,-4.53,,,,,,171.5
2-Heptanone,-2.04,,,,,,
2-Heptanone,-4.38,,,,,,
2-Heptanone,-5,,,,,,
2-Heptanone,-4.79,,,,,,
2-Heptanone,-5.7,,,,,,
2-Heptanone,-4.83,,,,,,
2-Heptanone,-4.67,,,,,,
2-Heptanone,-4.98,,,,,,
2-Heptanone,-5.36,,,,,,
2-Heptanone,-4.75,,,,,,
2-Heptanone,-5.53,,,,,,
2-Heptanone,-4.77,,,,,,
4-Heptanone,-4.09,,,,,,175.4
4-Heptanone,-3.75,,,,,,
4-Heptanone,-3.92,,,,,,
4-Heptanone,-3.82,,,,,,
"2,4-Dimethyl-3-pentanone",-1.9,,,,-311.33,,
"2,4-Dimethyl-3-pentanone",-1.72,,,,,,
"2,4-Dimethyl-3-pentanone",-2.38,,,,,,
2-Octanone,-2.71,,,,,,194
2-Octanone,-4.31,,,,,,
2-Octanone,-2.77,,,,,,
2-Octanone,-4.29,,,,,,
2-Octanone,-3.74,,,,,,
2-Octanone,-5.17,,,,,,
2-Octanone,-5.36,,,,,,
2-Octanone,-4.11,,,,,,
"2,6-Dimethyl-4-heptanone",-1.57,,,,-357.58,,
"2,6-Dimethyl-4-heptanone",-4.35,,,,,,
"2,6-Dimethyl-4-heptanone",-2.45,,,,,,
"2,6-Dimethyl-4-heptanone",-2.7,,,,,,
2-Nonanone,-1.97,,,,-340.76,,217
2-Nonanone,-4.29,,,,,,
2-Nonanone,-3.76,,,,,,
2-Nonanone,-4.43,,,,,,
2-Nonanone,-2.46,,,,,,
2-Decanone,-2.44,,,,,,
2-Undecanone,-1.09,,,,,,
2-Undecanone,-1.7,,,,,,
Methoxymethane,0.1,,,,-184.1,266.8,65.7
Methoxymethane,0.3,,,,,,
Methoxymethane,-0.32,,,,,,
Methoxymethane,-0.21,,,,,,
Methoxymethane,0.05,,,,,,
1-Methoxypropane,1.09,,,,-238.1,352,112.5
1-Methoxypropane,0.95,,,,,,
1-Methoxypropane,1.22,,,,,,
2-Methoxypropane,0.48,,,,-251.92,,111.1
2-Methoxypropane,0.37,,,,,,
2-Methoxypropane,0.52,,,,,,
Diethyl ether,-0.02,,,,-251.93,342.67,119.5
Diethyl ether,-0.11,,,,,,
Diethyl ether,-0.04,,,,,,
Diethyl ether,-0.49,,,,,,
Diethyl ether,-0.13,,,,,,
Diethyl ether,-0.63,,,,,,
Diethyl ether,0.1,,,,,,
Diethyl ether,-0.05,,,,,,
Diethyl ether,0.02,,,,,,
Diethyl ether,-0.03,,,,,,
Diethyl ether,-0.03,,,,,,
Diethyl ether,-0.32,,,,,,
Diethyl ether,-0.05,,,,,,
Diethyl ether,-0.22,,,,,,
Diethyl ether,0.18,,,,,,
Diethyl ether,-0.18,,,,,,
Diethyl ether,-0.2,,,,,,
Diethyl ether,-0.06,,,,,,
Diethyl ether,-0.43,,,,,,
Diethyl ether,-0.19,,,,,,
1-Methoxy-2-methylpropane,1.24,,,,,,
1-Methoxy-2-methylpropane,0.95,,,,,,
1-Methoxy-2-methylpropane,2.08,,,,,,
2-Ethoxypropane,0.87,,,,,,
2-Ethoxypropane,0.87,,,,,,
2-Methoxy-2-Methylpropane,-0.81,,,,-283.56,,134.2
2-Methoxy-2-Methylpropane,-0.55,,,,,,
2-Methoxy-2-Methylpropane,0.51,,,,,,
2-Methoxy-2-Methylpropane,-0.57,,,,,,
2-Methoxy-2-Methylpropane,-0.01,,,,,,
2-Methoxy-2-Methylpropane,-0.75,,,,,,
2-Methoxy-2-Methylpropane,-1.25,,,,,,
2-Methoxy-2-Methylpropane,-0.66,,,,,,
2-Methoxy-2-Methylpropane,0.76,,,,,,
2-Methoxy-2-Methylpropane,-0.1,,,,,,
2-Methoxy-2-Methylpropane,-0.84,,,,,,
2-Methoxy-2-Methylpropane,-0.57,,,,,,
2-Methoxy-2-Methylpropane,0.45,,,,,,
2-Methoxy-2-Methylpropane,-2.11,,,,,,
2-Methoxy-2-Methylpropane,0.06,,,,,,
2-Methoxy-2-Methylpropane,-0.12,,,,,,
2-Methoxy-2-Methylpropane,-0.67,,,,,,
2-Methoxy-2-Methylpropane,0.41,,,,,,
2-Methoxy-2-Methylpropane,-1.56,,,,,,
2-Methoxy-2-Methylpropane,-1.02,,,,,,
2-Methoxy-2-Methylpropane,0.03,,,,,,
2-Methoxy-2-Methylpropane,-0.34,,,,,,
2-Methoxy-2-Methylpropane,-0.37,,,,,,
2-Methoxy-2-Methylpropane,-0.66,,,,,,
2-Methoxy-2-Methylpropane,-0.58,,,,,,
2-Methoxy-2-Methylpropane,-0.26,,,,,,
2-Methoxy-2-Methylpropane,-0.77,,,,,,
1-Methoxybutane,1.28,,,,-258.07,,
1-Methoxybutane,1.52,,,,,,
1-Methoxybutane,1.52,,,,,,
1-Ethoxypropane,0.5,,,,-272.03,,
1-Ethoxypropane,1.29,,,,,,
1-Ethoxypropane,0.5,,,,,,
2-Methoxybutane,2.04,,,,,,
2-Methoxybutane,0.8,,,,,,
Isopropyl propyl ether,1.99,,,,,,
Isopropyl propyl ether,2.85,,,,,,
"2,2'-Oxybispropane",2.5,,,,-319.24,,158.3
"2,2'-Oxybispropane",2.03,,,,,,
"2,2'-Oxybispropane",2.35,,,,,,
"2,2'-Oxybispropane",0.48,,,,,,
"2,2'-Oxybispropane",1.84,,,,,,
"2,2'-Oxybispropane",1.6,,,,,,
"2,2'-Oxybispropane",4.45,,,,,,
"2,2'-Oxybispropane",2.42,,,,,,
"2,2'-Oxybispropane",-0.6,,,,,,
"2,2'-Oxybispropane",1.83,,,,,,
"2,2'-Oxybispropane",1.92,,,,,,
"2,2'-Oxybispropane",2.18,,,,,,
"2,2'-Oxybispropane",1.96,,,,,,
"2,2'-Oxybispropane",2.11,,,,,,
"2,2'-Oxybispropane",2.76,,,,,,
"2,2'-Oxybispropane",1.16,,,,,,
"2,2'-Oxybispropane",2.4,,,,,,
"2,2'-Oxybispropane",1.89,,,,,,
"2,2'-Oxybispropane",1.82,,,,,,
"2,2'-Oxybispropane",1.65,,,,,,
"2,2'-Oxybispropane",1.1,,,,,,
"2,2'-Oxybispropane",1.18,,,,,,
"2,2'-Oxybispropane",1.74,,,,,,
"2,2'-Oxybispropane",1.55,,,,,,
"2,2'-Oxybispropane",1.62,,,,,,
"2,2'-Oxybispropane",2.43,,,,,,
"2,2'-Oxybispropane",1.5,,,,,,
"1,1'-Oxybispropane",2.99,,,,-293.01,,158.3
"1,1'-Oxybispropane",1.38,,,,,,
"1,1'-Oxybispropane",2.95,,,,,,
"1,1'-Oxybispropane",2.69,,,,,,
"1,1'-Oxybispropane",-1.03,,,,,,
"1,1'-Oxybispropane",2.9,,,,,,
"1,1'-Oxybispropane",3.98,,,,,,
"1,1'-Oxybispropane",1.4,,,,,,
"1,1'-Oxybispropane",3.02,,,,,,
1-Ethoxybutane,1.76,,,,,,
1-Ethoxybutane,1.46,,,,,,
1-Ethoxybutane,0.75,,,,,,
2-Ethoxy-2-methylpropane,1.25,,,,,,
2-Ethoxy-2-methylpropane,1.39,,,,,,
2-Ethoxy-2-methylpropane,2.51,,,,,,
2-Ethoxy-2-methylpropane,0.17,,,,,,
2-Ethoxy-2-methylpropane,0.31,,,,,,
2-Ethoxy-2-methylpropane,-0.76,,,,,,
2-Ethoxy-2-methylpropane,2.78,,,,,,
2-Ethoxy-2-methylpropane,-0.2,,,,,,
2-Ethoxy-2-methylpropane,0.79,,,,,,
2-Ethoxy-2-methylpropane,0.62,,,,,,
2-Ethoxy-2-methylpropane,-0.04,,,,,,
2-Ethoxy-2-methylpropane,1.37,,,,,,
2-Methoxy-2-methylbutane,0.01,,,,-299.83,,
2-Methoxy-2-methylbutane,0.72,,,,,,
2-Methoxy-2-methylbutane,-1.25,,,,,,
2-Methoxy-2-methylbutane,1.98,,,,,,
2-Methoxy-2-methylbutane,-0.32,,,,,,
2-Methoxy-2-methylbutane,0.25,,,,,,
2-Methoxy-2-methylbutane,-0.12,,,,,,
2-Methoxy-2-methylbutane,-0.01,,,,,,
2-Methoxy-2-methylbutane,0.87,,,,,,
2-Methoxy-2-methylbutane,-0.4,,,,,,
2-Methoxy-2-methylbutane,-0.4,,,,,,
2-Methoxy-2-methylbutane,-0.73,,,,,,
2-Methoxy-2-methylbutane,-0.14,,,,,,
2-Methoxy-2-methylbutane,-0.01,,,,,,
2-Methoxy-2-methylbutane,0.36,,,,,,
2-Methoxy-2-methylbutane,1.29,,,,,,
2-Methoxy-2-methylbutane,0.24,,,,,,
2-Methoxy-2-methylbutane,0.04,,,,,,
2-Ethoxy-2-methylbutane,3.9,,,,,,
2-Ethoxy-2-methylbutane,-0.3,,,,,,
2-Ethoxy-2-methylbutane,1.61,,,,,,
isobutyl ether,1.33,,,,,,
"1,1'-Oxybisbutane",1.83,,,,-332.9,,204
"1,1'-Oxybisbutane",4.93,,,,,,
"1,1'-Oxybisbutane",3.65,,,,,,
"1,1'-Oxybisbutane",4.04,,,,,,
"1,1'-Oxybisbutane",0.54,,,,,,
"1,1'-Oxybisbutane",3.39,,,,,,
"1,1'-Oxybisbutane",3.76,,,,,,
"1,1'-Oxybisbutane",6.12,,,,,,
"1,1'-Oxybisbutane",-1.95,,,,,,
"1,1'-Oxybisbutane",-1.22,,,,,,
"1,1'-Oxybisbutane",2.84,,,,,,
"1,1'-Oxybisbutane",2.13,,,,,,
"1,1'-Oxybisbutane",-1.48,,,,,,
"1,2-Dimethoxyethane",-11.45,,,,-343.09,,
"1,2-Dimethoxyethane",-12.27,,,,,,
"1,2-Dimethoxyethane",-11.73,,,,,,
"1,2-Diethoxyethane",-10.47,,,,-408.13,,
"1,2-Diethoxyethane",-10.08,,,,,,
"1,2-Diethoxyethane",-9.86,,,,,,
"1,4-Dimethoxybutane",-11.19,,,,,,
"1,4-Dimethoxybutane",-9.78,,,,,,
"1,5-Dimethoxypentane",-12.55,,,,,,
"1,5-Dimethoxypentane",-11.4,,,,,,
"1,3-Diethoxypropane",-9.19,,,,-436.18,,
"1,3-Diethoxypropane",-7.15,,,,,,
"1,4-Diethoxybutane",-11.02,,,,,,
"1,4-Diethoxybutane",-8.92,,,,,,
"1,2-Dibutoxyethane",-6.82,,,,,,
"1,2-Dibutoxyethane",-9.35,,,,,,
"1,2-Dibutoxyethane",-8.85,,,,,,
Anesthenyl,-4.92,,,,-348.53,335.7,
Anesthenyl,-4.21,,,,,,
Anesthenyl,-4.33,,,,,,
"1,1-Diethoxymethane",-3.52,,,,-414.66,,
"1,1-Diethoxymethane",-4.26,,,,,,
"1,1-Diethoxymethane",-4.69,,,,,,
"1,1-Diethoxyethane",-6.03,,,,-452.01,,
"1,1-Diethoxyethane",-4.94,,,,,,
"1,1-Diethoxyethane",-5.13,,,,,,
"1,1-Diethoxyethane",-4.96,,,,,,
Alpha-Phellandrene,9.8,,,,-9.2,450.5,
Alpha-pinene,7.41,,,,29,380.23,169
Alpha-pinene,-2.33,,,,,,
Alpha-pinene,2.39,,,,,,
Alpha-pinene,12.57,,,,,,
Alpha-pinene,12.3,,,,,,
Alpha-pinene,14.3,,,,,,
Alpha-pinene,10.96,,,,,,
Alpha-pinene,8.92,,,,,,
Alpha-pinene,13.44,,,,,,
Alpha-Terpinene,8.07,,,,-20.5,,
Alpha-Terpinene,7.37,,,,,,
Beta-myrcene,6.03,,,,61.2,,
Beta-myrcene,6.2,,,,,,
Beta-myrcene,8.93,,,,,,
Beta-myrcene,10.25,,,,,,
Beta-pinene,7.8,,,,39.2,369.85,159.2
Beta-pinene,9.6,,,,,,
Beta-pinene,10.43,,,,,,
Beta-pinene,6.96,,,,,,
Beta-pinene,10.85,,,,,,
Camphene,7.62,,,,-28.54,,
Camphene,10.53,,,,,,
Gamma-Terpinene,7.4,,,,-17.8,440.6,
Limonene,8.9,,,,2.67,,
Limonene,6.46,,,,,,
Limonene,6.57,,,,,,
Limonene,9.27,,,,,,
Limonene,9.63,,,,,,
Limonene,3.85,,,,,,
Limonene,2.59,,,,,,
Limonene,7.59,,,,,,
Limonene,9.44,,,,,,
Limonene,5.51,,,,,,
Limonene,2.59,,,,,,
Limonene,3.93,,,,,,
Limonene,7.43,,,,,,
Sabinene,10.52,,,,,,
Sabinene,11.33,,,,,,
Terpinolene,6.58,,,,-9.4,440.8,
Terpinolene,6.68,,,,,,
Tricyclene,14.68,,,,20.57,,
Methyl Formate,-3.53,,,,-357.5,301.36,66.6
Methyl Formate,-3.49,,,,,,
Methyl Formate,-3.85,,,,,,
Methyl Formate,-7.49,,,,,,
Methyl Formate,-3.42,,,,,,
Methyl Formate,-3.42,,,,,,
Methyl Formate,-3.55,,,,,,
Ethyl Formate,-3.1,,,,,,
Ethyl Formate,-3.42,,,,,,
Ethyl Formate,-3.24,,,,,,
Ethyl Formate,-3.35,,,,,,
Ethyl Formate,-2.77,,,,,,
Ethyl Formate,-2.72,,,,,,
Ethyl Formate,-2.93,,,,,,
Ethyl Formate,4.14,,,,,,
Ethyl Formate,-3.15,,,,,,
Propyl Formate,-2.8,,,,,,
Propyl Formate,-2.75,,,,,,
Propyl Formate,-2.3,,,,,,
Propyl Formate,-2.85,,,,,,
Propyl Formate,-2.64,,,,,,
Isopropyl Formate,-1.6,,,,,,
Isobutyl Formate,-1.39,,,,,,
Isobutyl Formate,-0.83,,,,,,
Isobutyl Formate,-1.53,,,,,,
Butyl Formate,-1.5,,,,,,
Butyl Formate,-1.63,,,,,,
Butyl Formate,-1.83,,,,,,
Butyl Formate,-1.89,,,,,,
Butyl Formate,-1.45,,,,,,
Isopentyl Formate,1.64,,,,,,
Isopentyl Formate,-0.43,,,,,,
Isopentyl Formate,-0.32,,,,,,
Isopentyl Formate,-1.31,,,,,,
Isopentyl Formate,-1.53,,,,,,
Pentyl Formate,-1.69,,,,,,
Pentyl Formate,-0.9,,,,,,
Hexyl Formate,-1.93,,,,,,
Hexyl Formate,0,,,,,,
Methyl Acetate,-5.23,,,,-413.3,324.38,86
Methyl Acetate,-4.87,,,,,,
Methyl Acetate,-5.19,,,,,,
Methyl Acetate,-5.07,,,,,,
Methyl Acetate,-5.35,,,,,,
Methyl Acetate,-4.42,,,,,,
Methyl Acetate,-5.06,,,,,,
Methyl Acetate,-5.25,,,,,,
Methyl Acetate,-5.06,,,,,,
Methyl Acetate,-5.05,,,,,,
Methyl Acetate,-5.05,,,,,,
Methyl Acetate,-5.4,,,,,,
Methyl Acetate,-5.34,,,,,,
Methyl Acetate,-5.91,,,,,,
Methyl Acetate,-5.23,,,,,,
Ethyl Acetate,-4.9,,,,-443.61,,114
Ethyl Acetate,-5.09,,,,,,
Ethyl Acetate,-4.7,,,,,,
Ethyl Acetate,-4.93,,,,,,
Ethyl Acetate,-4.42,,,,,,
Ethyl Acetate,-4.24,,,,,,
Ethyl Acetate,-4.93,,,,,,
Ethyl Acetate,-4.99,,,,,,
Ethyl Acetate,-0.02,,,,,,
Ethyl Acetate,-4.81,,,,,,
Ethyl Acetate,-3.01,,,,,,
Ethyl Acetate,-4.65,,,,,,
Ethyl Acetate,-4.64,,,,,,
Ethyl Acetate,-4.37,,,,,,
Ethyl Acetate,-3.91,,,,,,
Ethyl Acetate,-4.24,,,,,,
Ethyl Acetate,-4.61,,,,,,
Ethyl Acetate,-4.37,,,,,,
Ethyl Acetate,-4.7,,,,,,
Ethyl Acetate,-4.42,,,,,,
Ethyl Acetate,-4.27,,,,,,
Ethyl Acetate,-4.93,,,,,,
Ethyl Acetate,-5.03,,,,,,
Ethyl Acetate,-5.35,,,,,,
Ethyl Acetate,-4.92,,,,,,
Ethyl Acetate,-4.51,,,,,,
Ethyl Acetate,-3.99,,,,,,
Ethyl Acetate,-4.5,,,,,,
Ethyl Acetate,-4.41,,,,,,
Ethyl Acetate,-3.53,,,,,,
Ethyl Acetate,-4.31,,,,,,
Ethyl Acetate,-4.65,,,,,,
Ethyl Acetate,-4.45,,,,,,
Ethyl Acetate,-4.51,,,,,,
Ethyl Acetate,-4.37,,,,,,
Ethyl Acetate,-4.65,,,,,,
Ethyl Acetate,-4.44,,,,,,
Ethyl Acetate,-4.65,,,,,,
Ethyl Acetate,-2.76,,,,,,
Ethyl Acetate,-4.74,,,,,,
Ethyl Acetate,-4.98,,,,,,
Isopropyl Acetate,-3.11,,,,-481.63,,
Isopropyl Acetate,-3.57,,,,,,
Isopropyl Acetate,-3.11,,,,,,
Isopropyl Acetate,-3.02,,,,,,
Isopropyl Acetate,-2.51,,,,,,
Isopropyl Acetate,-2.69,,,,,,
Isopropyl Acetate,-2.44,,,,,,
Propyl Acetate,-5.2,,,,,,
Propyl Acetate,-3.98,,,,,,
Propyl Acetate,-3.25,,,,,,
Propyl Acetate,-3.5,,,,,,
Propyl Acetate,-3.98,,,,,,
Propyl Acetate,-3.22,,,,,,
Propyl Acetate,-3.57,,,,,,
Propyl Acetate,-4.08,,,,,,
Propyl Acetate,-4.04,,,,,,
Propyl Acetate,-3.62,,,,,,
Propyl Acetate,-3.53,,,,,,
Propyl Acetate,-3.55,,,,,,
Propyl Acetate,-3.61,,,,,,
Propyl Acetate,-3.85,,,,,,
Propyl Acetate,-3.75,,,,,,
Propyl Acetate,-3.62,,,,,,
Isobutyl Acetate,-2.14,,,,,,
Isobutyl Acetate,-1.29,,,,,,
Isobutyl Acetate,-2.14,,,,,,
Isobutyl Acetate,-2.32,,,,,,
Isobutyl Acetate,-1.93,,,,,,
Isobutyl Acetate,-2.5,,,,,,
Isobutyl Acetate,-2.28,,,,,,
Isobutyl Acetate,-1.97,,,,,,
Isobutyl Acetate,-2.08,,,,,,
Butyl Acetate,-4.5,,,,-485.31,,
Butyl Acetate,-3.17,,,,,,
Butyl Acetate,-3.29,,,,,,
Butyl Acetate,-2.68,,,,,,
Butyl Acetate,-3.17,,,,,,
Butyl Acetate,-2.45,,,,,,
Butyl Acetate,-3.56,,,,,,
Butyl Acetate,-4.52,,,,,,
Butyl Acetate,-2.56,,,,,,
Butyl Acetate,-3.74,,,,,,
Butyl Acetate,-2.87,,,,,,
Butyl Acetate,-3.49,,,,,,
Butyl Acetate,-3.99,,,,,,
Butyl Acetate,-3.09,,,,,,
Butyl Acetate,-3.12,,,,,,
Butyl Acetate,-2.96,,,,,,
Butyl Acetate,-3.12,,,,,,
Butyl Acetate,-2.84,,,,,,
Butyl Acetate,-3.48,,,,,,
Butyl Acetate,-3.19,,,,,,
tert-Butyl Acetate,-0.34,,,,-516.47,,
tert-Butyl Acetate,1.22,,,,,,
tert-Butyl Acetate,-0.34,,,,,,
tert-Butyl Acetate,-0.45,,,,,,
sec-Butyl Acetate,-2.37,,,,,,
sec-Butyl Acetate,-1.51,,,,,,
sec-Butyl Acetate,-2.48,,,,,,
sec-Butyl Acetate,-2.28,,,,,,
sec-Butyl Acetate,-2.09,,,,,,
n-Pentyl Acetate,-7.3,,,,,,
n-Pentyl Acetate,-2.7,,,,,,
n-Pentyl Acetate,-2.29,,,,,,
n-Pentyl Acetate,-1.89,,,,,,
n-Pentyl Acetate,-3.01,,,,,,
n-Pentyl Acetate,-2.57,,,,,,
n-Pentyl Acetate,-2.23,,,,,,
n-Pentyl Acetate,-2.54,,,,,,
n-Pentyl Acetate,-2.4,,,,,,
Isopentyl Acetate,-6.28,,,,,,
Isopentyl Acetate,-1.37,,,,,,
Isopentyl Acetate,-1.67,,,,,,
Isopentyl Acetate,-2.35,,,,,,
Isopentyl Acetate,-2.07,,,,,,
Isopentyl Acetate,-1.53,,,,,,
n-Hexyl Acetate,-1.01,,,,,,
n-Hexyl Acetate,-1.31,,,,,,
n-Hexyl Acetate,-2.28,,,,,,
n-Hexyl Acetate,-1.86,,,,,,
n-Hexyl Acetate,-0.93,,,,,,
Methyl Propionate,-4.61,,,,,,
Methyl Propionate,-3.79,,,,,,
Methyl Propionate,-4.12,,,,,,
Methyl Propionate,-4.13,,,,,,
Methyl Propionate,-4.12,,,,,,
Methyl Propionate,-4.21,,,,,,
Methyl Propionate,-4.31,,,,,,
Ethyl Propionate,-3.66,,,,-463.43,,
Ethyl Propionate,-3.63,,,,,,
Ethyl Propionate,-3.39,,,,,,
Ethyl Propionate,-3.13,,,,,,
Propyl Propionate,-2.76,,,,,,
Propyl Propionate,-2.44,,,,,,
Isopropyl Propionate,-1.51,,,,,,
Isobutyl Propionate,-1.42,,,,,,
Isobutyl Propionate,-0.67,,,,,,
Butyl Propionate,-2.2,,,,,,
Butyl Propionate,-1.65,,,,,,
Butyl Propionate,-1.22,,,,,,
Pentyl Propionate,-2.83,,,,,,
Pentyl Propionate,-0.3,,,,,,
Methyl Butyrate,-4.86,,,,,,
Methyl Butyrate,-3.6,,,,,,
Methyl Butyrate,-3.62,,,,,,
Methyl Butyrate,-3.2,,,,,,
Methyl Butyrate,-3.12,,,,,,
Methyl Butyrate,-3.38,,,,,,
Methyl Butyrate,-3.9,,,,,,
Ethyl Butyrate,-2.23,,,,-485.69,,
Ethyl Butyrate,-3.85,,,,,,
Ethyl Butyrate,-3.05,,,,,,
Ethyl Butyrate,-4.35,,,,,,
Ethyl Butyrate,-2.71,,,,,,
Ethyl Butyrate,-2.25,,,,,,
Ethyl Butyrate,-2.21,,,,,,
Ethyl Butyrate,-3.15,,,,,,
Ethyl Butyrate,-2.32,,,,,,
Ethyl Butyrate,-3.38,,,,,,
Ethyl Butyrate,-2.69,,,,,,
Ethyl Butyrate,-2.59,,,,,,
Isopropyl Butyrate,-6.62,,,,,,
Isopropyl Butyrate,-1.38,,,,,,
Propyl Butyrate,-2.1,,,,,,
Propyl Butyrate,-1.69,,,,,,
Butyl Butyrate,-1.34,,,,,,
Butyl Butyrate,-0.66,,,,,,
Methyl Isobutyrate,-2.52,,,,,,
Methyl Isobutyrate,-2.27,,,,,,
Ethyl Isobutyrate,-1.98,,,,,,
Ethyl Isobutyrate,-0.88,,,,,,
Ethyl Isobutyrate,-1.24,,,,,,
Isobutyl Isobutyrate,1.67,,,,-541.7,,
Isobutyl Isobutyrate,-0.03,,,,,,
Methyl Pentanoate,-2.37,,,,-471.07,,
Methyl Pentanoate,-5.1,,,,,,
Methyl Pentanoate,-2.85,,,,,,
Methyl Pentanoate,-2.7,,,,,,
Methyl Pentanoate,-0.79,,,,,,
Methyl Pentanoate,-2.61,,,,,,
Methyl Pentanoate,-2.81,,,,,,
Ethyl Pentanoate,-7.49,,,,-505.99,,
Ethyl Pentanoate,-1.56,,,,,,
Ethyl Pentanoate,-2.58,,,,,,
Butyl Pentanoate,-0.87,,,,-555.8,,
Butyl Pentanoate,0.96,,,,,,
Ethyl Isopentanoate,-0.98,,,,-525.9,,
Ethyl Isopentanoate,-0.39,,,,,,
Methyl Pivalate,0.14,,,,-491.18,,
Ethyl Pivalate,1.39,,,,-518.73,,
Methyl Hexanoate,-1.55,,,,-492.6,,
Methyl Hexanoate,-3.24,,,,,,
Methyl Hexanoate,-2.46,,,,,,
Methyl Hexanoate,-2.61,,,,,,
Methyl Hexanoate,-2.22,,,,,,
Methyl Hexanoate,-1.9,,,,,,
Methyl Hexanoate,-2.46,,,,,,
Ethyl Hexanoate,-1.67,,,,-527.38,,
Ethyl Hexanoate,-1.78,,,,,,
Ethyl Hexanoate,-0.43,,,,,,
Ethyl Hexanoate,0.11,,,,,,
Ethyl Hexanoate,-1.29,,,,,,
Ethyl Hexanoate,-1.51,,,,,,
Ethyl Hexanoate,-2.48,,,,,,
Ethyl Hexanoate,-2.12,,,,,,
Ethyl Hexanoate,-1.8,,,,,,
Methyl Heptanoate,-0.55,,,,,,
Methyl Heptanoate,-3.43,,,,,,
Methyl Heptanoate,-2.23,,,,,,
Methyl Octanoate,0.12,,,,-533.89,,
Methyl Octanoate,0.64,,,,,,
Methyl Octanoate,-0.58,,,,,,
Methyl Octanoate,-0.52,,,,,,
Ethyl Octanoate,-6.07,,,,-570,,
Ethyl Octanoate,-1.32,,,,,,
Ethyl Octanoate,-1.07,,,,,,
Ethyl 2-Methylbutanoate,0.32,,,,-523,,
Ethyl 2-Methylbutanoate,-3.31,,,,,,
Ethyl 2-Methylbutanoate,-0.58,,,,,,
Ethyl 2-Methylbutanoate,-0.87,,,,,,
Methyl Nonanoate,-7.53,,,,-554.21,,
Methyl Nonanoate,0.51,,,,,,
Ethyl Decanoate,-0.3,,,,,,
Ethyl Decanoate,-2.1,,,,,,
Methanethiol,3.08,,,,-22.9,255.14,50.3
Methanethiol,3.22,,,,,,
Methanethiol,3.92,,,,,,
Methanethiol,3.8,,,,,,
Methanethiol,2.28,,,,,,
Methanethiol,3.45,,,,,,
Methanethiol,3.09,,,,,,
Methanethiol,2.27,,,,,,
Methanethiol,2.02,,,,,,
Methanethiol,3.4,,,,,,
Methanethiol,3.17,,,,,,
Methanethiol,2.78,,,,,,
Ethanethiol,3.06,,,,-46.08,296.25,73
Ethanethiol,3.17,,,,,,
Ethanethiol,4.11,,,,,,
Ethanethiol,3.69,,,,,,
Ethanethiol,4.23,,,,,,
Ethanethiol,4.52,,,,,,
Ethanethiol,2.91,,,,,,
Ethanethiol,2.62,,,,,,
1-Propanethiol,4.33,,,,-67.85,336.55,94.9
1-Propanethiol,3.63,,,,,,
1-Propanethiol,3.51,,,,,,
1-Propanethiol,5.2,,,,,,
1-Propanethiol,5.96,,,,,,
1-Propanethiol,5.23,,,,,,
1-Butanethiol,4.51,,,,-88,,118.3
1-Butanethiol,3.78,,,,,,
1-Butanethiol,6.55,,,,,,
1-Butanethiol,4.08,,,,,,
1-Butanethiol,4.94,,,,,,
1-Butanethiol,5.72,,,,,,
1-Pentanethiol,5.88,,,,-110.04,,141.4
1-Pentanethiol,6.22,,,,,,
1-Hexanethiol,7.38,,,,-129,,164.1
1-Hexanethiol,0.73,,,,,,
1-Heptanethiol,7.88,,,,-148.8,,186.7
2-Butanethiol,4.98,,,,-96.92,366.8,119.7
3-Methylbutanethiol,5.95,,,,-114.1,,
3-Methylbutanethiol,2.98,,,,,,
Dimethyl Sulfide,1.84,,,,-37.41,286,74.1
Dimethyl Sulfide,-0.39,,,,,,
Dimethyl Sulfide,-1.19,,,,,,
Dimethyl Sulfide,2.13,,,,,,
Dimethyl Sulfide,1.66,,,,,,
Dimethyl Sulfide,1.69,,,,,,
Dimethyl Sulfide,1.83,,,,,,
Dimethyl Sulfide,1.44,,,,,,
Dimethyl Sulfide,1.64,,,,,,
Dimethyl Sulfide,1.63,,,,,,
Dimethyl Sulfide,1.42,,,,,,
Dimethyl Sulfide,1.44,,,,,,
Dimethyl Sulfide,1.42,,,,,,
Dimethyl Sulfide,1.44,,,,,,
Diethyl Sulfide,1.5,,,,-83.52,368.1,116.6
Diethyl Sulfide,2.03,,,,,,
Diethyl Sulfide,2.08,,,,,,
Methyl propyl Sulfide,2.08,,,,-82.19,,117.3
Diisopropyl Sulfide,2.99,,,,-141.96,415.5,170.6
Dipropyl Sulfide,2.74,,,,-125.67,,162.1
Carbon Disulfide,7.23,,,,116.65,237.9,45.5
Carbon Disulfide,6.77,,,,,,
Carbon Disulfide,7.3,,,,,,
Carbon Disulfide,6.28,,,,,,
Carbon Disulfide,8.32,,,,,,
Carbon Disulfide,6.47,,,,,,
Carbon Disulfide,7.41,,,,,,
Carbon Disulfide,6.25,,,,,,
Carbon Disulfide,7.58,,,,,,
Carbon Disulfide,7.37,,,,,,
Dimethyl Disulfide,0.59,,,,-24.7,336.8,94.2
Dimethyl Disulfide,1.25,,,,,,
Dimethyl Disulfide,0.81,,,,,,
Dimethyl Disulfide,1.25,,,,,,
Dimethyl Disulfide,-1.71,,,,,,
Dimethyl Disulfide,0.5,,,,,,
Dimethyl Disulfide,0.83,,,,,,
Dimethyl Disulfide,0.12,,,,,,
Dimethyl Disulfide,0.37,,,,,,
Dimethyl Disulfide,1.06,,,,,,
Diethyl Disulfide,1.12,,,,-74.9,414.5,141.6
Diethyl Disulfide,2.6,,,,,,
Dimethyl Trisulfide,-0.91,,,,,,
Dimethyl Trisulfide,0.15,,,,,,
Dimethyl Trisulfide,-1.79,,,,,,
Dimethyl Trisulfide,-2.44,,,,,,
Dipropyl Disulfide,3.82,,,,-118.36,,187.1
Dipropyl Disulfide,-1.45,,,,,,
Acetonitrile,-9.02,,,,74,243.67,52.3
Acetonitrile,-9.01,,,,,,
Acetonitrile,-9.65,,,,,,
Acetonitrile,-9.17,,,,,,
Acetonitrile,-8.72,,,,,,
Acetonitrile,-9.11,,,,,,
Acetonitrile,-9.84,,,,,,
Acetonitrile,-9.59,,,,,,
Acetonitrile,-9.35,,,,,,
Acetonitrile,-9.1,,,,,,
Acetonitrile,-8.72,,,,,,
Acetonitrile,-8.79,,,,,,
Acetonitrile,-9.82,,,,,,
Acetonitrile,-8.66,,,,,,
Acetonitrile,-9.1,,,,,,
Acetonitrile,-8.81,,,,,,
Propanenitrile,-7.87,,,,51.69,,73.8
Propanenitrile,-7.95,,,,,,
Propanenitrile,-7.23,,,,,,
Propanenitrile,-7.86,,,,,,
Propanenitrile,-8.02,,,,,,
Propanenitrile,-8.04,,,,,,
Propanenitrile,-7.96,,,,,,
Propanenitrile,-8.06,,,,,,
Propanenitrile,-8.11,,,,,,
Butanenitrile,-6.4,,,,33.61,,98.5
Butanenitrile,-7.02,,,,,,
Butanenitrile,-7.25,,,,,,
Butanenitrile,-7.14,,,,,,
Butanenitrile,-7.3,,,,,,
2-Methylpropanenitrile,-5.91,,,,23.42,,99.2
2-Methylpropanenitrile,-5.46,,,,,,
2-Methylpropanenitrile,-5.81,,,,,,
Pentanenitrile,-6.83,,,,10.54,,
Pentanenitrile,-6.48,,,,,,
Pentanenitrile,-6.55,,,,,,
Pentanenitrile,-6.05,,,,,,
Hexanenitrile,-6.02,,,,,,
Hexanenitrile,-6.9,,,,,,
Octanenitrile,-3.08,,,,-50.5,,
Octanenitrile,-9.24,,,,,,
Butanedinitrile,-28.3,,,,,,
Butanedinitrile,-28.17,,,,,,
Pentanedinitrile,-28,,,,,,
Pentanedinitrile,-27.86,,,,,,
Hexanedinitrile,-29.29,,,,,,
Hexanedinitrile,-29.59,,,,,,
Ethenylbenzene,3.1,,,,,,
4-Ethenylcyclohexene,9.5,,,,66.41,,
Indane,2.1,,,,60.3,,
Tetralin,1.1,,,,24.6,,
Propane,,-22.61,,,,,
Propane,,-22.9,,,,,
Propane,,-23.27,,,,,
n-Butane,,-25.93,,,,,
n-Butane,,-25.92,,,,,
n-Pentane,,-26.2,,,,,
n-Pentane,,-28.75,,,,,
n-Pentane,,-26.9,,,,,
n-Pentane,,-28.75,,,,,
n-Pentane,,-28,,,,,
n-Hexane,,-33.93,,,,,
n-Hexane,,-30.9,,,,,
n-Hexane,,-31.7,,,,,
n-Hexane,,-31.73,,,,,
n-Hexane,,-31.26,,,,,
n-Hexane,,-29.3,,,,,
n-Heptane,,-38.76,,,,,
n-Heptane,,-36.5,,,,,
n-Heptane,,-33.3,,,,,
n-Octane,,-43.33,,,,,
n-Octane,,-41.3,,,,,
n-Octane,,-39.7,,,,,
n-Nonane,,-48.93,,,,,
n-Nonane,,-46.1,,,,,
2-Methylpropane,,-24.08,,,,,
2-Methylpropane,,-24.46,,,,,
2-Methylpropane,,-24.19,,,,,
"2,2-Dimethylpropane",,-24.15,,,,,
2-Methylbutane,,-25.2,,,,,
"2,3-Dimethylbutane",,-33.73,,,,,
2-Methylpentane,,-33,,,,,
"3,3-Dimethylpentane",,-32.75,,,,,
"2,2,4-Trimethylpentane",,-37.34,,,,,
"2,2,4-Trimethylpentane",,-32.74,,,,,
Propene,,-21.64,,,,,
"1,3-Butadiene",,-24.7,,,,,
1-Butene,,-24.88,,,,,
2-Methyl-1-propene,,-24.9,,,,,
"2-Methyl-1,3-butadiene",,-28.7,,,,,
2-Methyl-2-butene,,-28.5,,,,,
Propyne,,-19.7,,,,,
1-Butyne,,-16.5,,,,,
Benzene,,-31.87,,,,,
Benzene,,-31.89,,,,,
Benzene,,-31.71,,,,,
Benzene,,-31.7,,,,,
Benzene,,-31.82,,,,,
Benzene,,-31.58,,,,,
Benzene,,-31.42,,,,,
Benzene,,-31.84,,,,,
Benzene,,-32.22,,,,,
Benzene,,-33.12,,,,,
Benzene,,-33.46,,,,,
Methylbenzene,,-36.26,,,,,
Methylbenzene,,-36.33,,,,,
Methylbenzene,,-37.22,,,,,
"1,2-Dimethylbenzene",,-38.08,,,,,
"1,2-Dimethylbenzene",,-38.68,,,,,
"1,3-Dimethylbenzene",,-38.72,,,,,
"1,3-Dimethylbenzene",,-40.12,,,,,
"1,3-Dimethylbenzene",,-39.72,,,,,
"1,4-Dimethylbenzene",,-35.06,,,,,
"1,4-Dimethylbenzene",,-38.66,,,,,
"1,4-Dimethylbenzene",,-40.66,,,,,
"1,4-Dimethylbenzene",,-39.36,,,,,
Ethylbenzene,,-40.68,,,,,
Ethylbenzene,,-39.28,,,,,
Ethylbenzene,,-40.38,,,,,
Ethylbenzene,,-40.26,,,,,
Ethylbenzene,,-40.98,,,,,
"1,3,5-Trimethylbenzene",,-44.31,,,,,
"1,3,5-Trimethylbenzene",,-42.91,,,,,
"1,3,5-Trimethylbenzene",,-43.41,,,,,
"1,2,3-Trimethylbenzene",,-41.76,,,,,
"1,2,4-Trimethylbenzene",,-42.34,,,,,
n-Propylbenzene,,-44.34,,,,,
n-Propylbenzene,,-40.84,,,,,
n-Propylbenzene,,-46.24,,,,,
n-Propylbenzene,,-42.54,,,,,
n-Propylbenzene,,-43.94,,,,,
Cyclopropane,,-23.26,,,,,
Cyclopentane,,-30.92,,,,,
Cyclopentane,,-30.52,,,,,
Cyclohexane,,-33.22,,,,,
Cyclohexane,,-32.86,,,,,
Methylcyclohexane,,-37.64,,,,,
"1,4-Cyclohexadiene",,-36.25,,,,,
Cyclohexene,,-34.87,,,,,
"1,3,5-Cycloheptatriene",,-37.8,,,,,
Methanol,,-45.5,,,,,
Methanol,,-45.23,,,,,
Methanol,,-45.12,,,,,
Methanol,,-44.83,,,,,
Methanol,,-45.12,,,,,
Methanol,,-44.88,,,,,
Methanol,,-45.12,,,,,
Methanol,,-45.16,,,,,
Methanol,,-45.71,,,,,
Methanol,,-44.86,,,,,
Methanol,,-44.93,,,,,
Methanol,,-45.07,,,,,
Methanol,,-45.11,,,,,
Methanol,,-45.17,,,,,
Methanol,,-45.08,,,,,
Methanol,,-45.18,,,,,
Methanol,,-45.11,,,,,
Methanol,,-44.94,,,,,
Methanol,,-45.16,,,,,
Ethanol,,-52.66,,,,,
Ethanol,,-52.66,,,,,
Ethanol,,-52.63,,,,,
Ethanol,,-52.48,,,,,
Ethanol,,-52.61,,,,,
Ethanol,,-52.21,,,,,
Ethanol,,-52.61,,,,,
Ethanol,,-52.65,,,,,
Ethanol,,-53.18,,,,,
Ethanol,,-52.43,,,,,
Ethanol,,-52.96,,,,,
Ethanol,,-52.63,,,,,
Ethanol,,-52.46,,,,,
Ethanol,,-52.59,,,,,
Ethanol,,-52.59,,,,,
Ethanol,,-52.63,,,,,
Ethanol,,-52.64,,,,,
Ethanol,,-52.56,,,,,
Ethanol,,-52.71,,,,,
Ethanol,,-52.59,,,,,
Ethanol,,-52.42,,,,,
Ethanol,,-52.71,,,,,
Ethanol,,-52.08,,,,,
Ethanol,,-52.5,,,,,
Ethanol,,-52.46,,,,,
Ethanol,,-52.5,,,,,
n-Propanol,,-57.63,,,,,
n-Propanol,,-57.63,,,,,
n-Propanol,,-57.9,,,,,
n-Propanol,,-57.96,,,,,
n-Propanol,,-57.21,,,,,
n-Propanol,,-57.4,,,,,
n-Propanol,,-57.37,,,,,
n-Propanol,,-57.65,,,,,
n-Propanol,,-57.31,,,,,
n-Propanol,,-57.72,,,,,
n-Propanol,,-57.62,,,,,
n-Propanol,,-57.79,,,,,
n-Propanol,,-57.6,,,,,
n-Propanol,,-57.67,,,,,
n-Propanol,,-57.62,,,,,
n-Propanol,,-57.63,,,,,
n-Propanol,,-56.7,,,,,
n-Propanol,,-57.88,,,,,
n-Propanol,,-56.7,,,,,
n-Butanol,,-61.62,,,,,
n-Butanol,,-61.65,,,,,
n-Butanol,,-61.79,,,,,
n-Butanol,,-61.16,,,,,
n-Butanol,,-61.69,,,,,
n-Butanol,,-61.74,,,,,
n-Butanol,,-60.64,,,,,
n-Butanol,,-60.64,,,,,
n-Butanol,,-61.74,,,,,
n-Butanol,,-61.66,,,,,
n-Butanol,,-61.67,,,,,
n-Butanol,,-61.53,,,,,
n-Butanol,,-61.62,,,,,
n-Butanol,,-61.5,,,,,
n-Butanol,,-61.83,,,,,
n-Butanol,,-61.7,,,,,
n-Butanol,,-61.42,,,,,
n-Butanol,,-61.46,,,,,
n-Butanol,,-60.58,,,,,
1-Pentanol,,-65.11,,,,,
1-Pentanol,,-65.03,,,,,
1-Pentanol,,-65.03,,,,,
1-Pentanol,,-63.69,,,,,
1-Pentanol,,-63.69,,,,,
1-Pentanol,,-65.28,,,,,
1-Pentanol,,-64.76,,,,,
1-Pentanol,,-65.72,,,,,
1-Pentanol,,-64.7,,,,,
1-Pentanol,,-64.86,,,,,
1-Pentanol,,-65.14,,,,,
1-Pentanol,,-63.39,,,,,
n-Hexanol,,-68.02,,,,,
n-Hexanol,,-66.55,,,,,
n-Hexanol,,-66.55,,,,,
n-Hexanol,,-69.6,,,,,
n-Hexanol,,-68.17,,,,,
n-Hexanol,,-67.41,,,,,
n-Hexanol,,-66.25,,,,,
n-Heptanol,,-71.69,,,,,
n-Heptanol,,-69.81,,,,,
n-Heptanol,,-69.81,,,,,
n-Heptanol,,-73.7,,,,,
n-Heptanol,,-72.29,,,,,
n-Octanol,,-74.38,,,,,
n-Octanol,,-74.35,,,,,
n-Octanol,,-71.03,,,,,
n-Octanol,,-77.96,,,,,
1-Nonanol,,-78.76,,,,,
1-Nonanol,,-75.86,,,,,
2-Propanol,,-58.58,,,,,
2-Propanol,,-58.24,,,,,
2-Propanol,,-58.58,,,,,
2-Propanol,,-58.57,,,,,
2-Propanol,,-57.95,,,,,
2-Propanol,,-58.17,,,,,
2-Propanol,,-58.58,,,,,
2-Propanol,,-59.39,,,,,
2-Propanol,,-58.37,,,,,
2-Propanol,,-58.55,,,,,
2-Propanol,,-58.46,,,,,
2-Propanol,,-58.88,,,,,
2-Butanol,,-62.8,,,,,
2-Butanol,,-62.43,,,,,
2-Butanol,,-62.83,,,,,
2-Butanol,,-62.7,,,,,
2-Butanol,,-62.99,,,,,
2-Methyl-1-propanol,,-60.07,,,,,
2-Methyl-1-propanol,,-60.11,,,,,
2-Methyl-1-propanol,,-60.96,,,,,
2-Methyl-1-propanol,,-60.2,,,,,
2-Methyl-2-propanol,,-63.74,,,,,
2-Methyl-2-propanol,,-64.05,,,,,
2-Methyl-2-propanol,,-64.43,,,,,
2-Methyl-2-propanol,,-64.18,,,,,
2-Methyl-2-propanol,,-63.94,,,,,
2-Methyl-2-propanol,,-64.69,,,,,
2-Methyl-2-propanol,,-64.2,,,,,
2-Methyl-2-propanol,,-64.05,,,,,
2-Methyl-2-propanol,,-63.89,,,,,
2-Methyl-2-propanol,,-64.35,,,,,
"2,2-Dimethyl-1-propanol",,-57.4,,,,,
"2,2-Dimethyl-1-propanol",,-58.6,,,,,
2-Methyl-1-butanol,,-61.98,,,,,
2-Methyl-1-butanol,,-62.48,,,,,
2-Methyl-2-butanol,,-68.46,,,,,
2-Methyl-2-butanol,,-68.77,,,,,
2-Methyl-2-butanol,,-68.12,,,,,
2-Methyl-2-butanol,,-68.72,,,,,
2-Pentanol,,-64.59,,,,,
2-Pentanol,,-66.05,,,,,
3-Methyl-1-butanol,,-63.03,,,,,
3-Methyl-1-butanol,,-63.13,,,,,
3-Pentanol,,-65.95,,,,,
3-Pentanol,,-66.83,,,,,
"2,3-Dimethyl-2-butanol",,-67.7,,,,,
2-Ethyl-1-butanol,,-69.3,,,,,
2-Hexanol,,-68.37,,,,,
2-Hexanol,,-69.28,,,,,
2-Hexanol,,-69.07,,,,,
2-Methyl-1-pentanol,,-68.1,,,,,
3-Hexanol,,-68.8,,,,,
3-Hexanol,,-70.19,,,,,
3-Methyl-3-pentanol,,-64.8,,,,,
3-Methyl-3-pentanol,,-67.6,,,,,
4-Methyl-2-pentanol,,-61.7,,,,,
4-Methyl-2-pentanol,,-66.7,,,,,
4-Methyl-2-pentanol,,-66.2,,,,,
3-Heptanol,,-73.7,,,,,
2-Heptanol,,-73.3,,,,,
2-Heptanol,,-72.22,,,,,
3-Ethyl-3-Pentanol,,-73.1,,,,,
4-Heptanol,,-75.6,,,,,
4-Heptanol,,-76.47,,,,,
2-Ethyl-1-Hexanol,,-77.1,,,,,
2-Octanol,,-80.6,,,,,
3-Octanol,,-77,,,,,
2-Propen-1-ol,,-50.6,,,,,
2-Propen-1-ol,,-51.29,,,,,
2-Propen-1-ol,,-50.8,,,,,
2-Buten-1-ol,,-60.93,,,,,
3-Buten-1-ol,,-61.98,,,,,
3-Pentyn-1-ol,,-67.23,,,,,
4-Penten-1-ol,,-63.4,,,,,
4-Penten-1-ol,,-61,,,,,
Cyclopentanol,,-67.86,,,,,
Cyclopentanol,,-68.53,,,,,
Cyclopentanol,,-67.76,,,,,
Cyclopentanol,,-68.63,,,,,
Cyclopentanol,,-67.97,,,,,
Cyclohexanol,,-70.48,,,,,
Cyclohexanol,,-70.74,,,,,
Cyclohexanol,,-70.02,,,,,
Cyclohexanol,,-70.29,,,,,
Cyclohexanol,,-70.29,,,,,
Cyclohexanol,,-71.33,,,,,
Cyclohexanol,,-69.92,,,,,
Cyclohexanol,,-70.81,,,,,
Cyclohexanol,,-71.17,,,,,
Cyclohexanol,,-71.03,,,,,
Cycloheptanol,,-76.6,,,,,
Cycloheptanol,,-75.43,,,,,
Cycloheptanol,,-75.66,,,,,
Cyclohexanemethanol,,-70.7,,,,,
Cyclooctanol,,-74,,,,,
Cyclooctanol,,-78.4,,,,,
Acetone,,-41.7,,,,,
Acetone,,-41.57,,,,,
Acetone,,-41.44,,,,,
Acetone,,-40.97,,,,,
Acetone,,-41.44,,,,,
Acetone,,-41.44,,,,,
Acetone,,-41.24,,,,,
Acetone,,-41.07,,,,,
Acetone,,-41.07,,,,,
Acetone,,-41.48,,,,,
Acetone,,-41.47,,,,,
Acetone,,-41.18,,,,,
Acetone,,-41.27,,,,,
Acetone,,-40.01,,,,,
2-Butanone,,-45.57,,,,,
2-Butanone,,-44.22,,,,,
2-Butanone,,-45.22,,,,,
2-Butanone,,-45.64,,,,,
2-Butanone,,-46.25,,,,,
2-Butanone,,-45.73,,,,,
2-Butanone,,-45.42,,,,,
2-Pentanone,,-45.46,,,,,
2-Pentanone,,-48.67,,,,,
2-Pentanone,,-49.97,,,,,
3-Methyl-2-butanone,,-43.47,,,,,
3-Methyl-2-butanone,,-47.5,,,,,
3-Methyl-2-butanone,,-45.07,,,,,
3-Pentanone,,-46.48,,,,,
3-Pentanone,,-49.58,,,,,
3-Pentanone,,-49.26,,,,,
2-Hexanone,,-53.05,,,,,
2-Hexanone,,-52.61,,,,,
2-Methyl-3-pentanone,,-48.56,,,,,
"3,3-Dimethyl-2-butanone",,-47,,,,,
"3,3-Dimethyl-2-butanone",,-47.5,,,,,
"3,3-Dimethyl-2-butanone",,-51,,,,,
3-Hexanone,,-50.52,,,,,
3-Methyl-2-pentanone,,-50.09,,,,,
4-Methyl-2-pentanone,,-49.65,,,,,
4-Methyl-2-pentanone,,-49.85,,,,,
4-Methyl-2-pentanone,,-50.15,,,,,
2-Heptanone,,-55.84,,,,,
2-Heptanone,,-56.19,,,,,
2-Heptanone,,-56.86,,,,,
4-Heptanone,,-54.8,,,,,
4-Heptanone,,-56.88,,,,,
"2,4-Dimethyl-3-pentanone",,-52.57,,,,,
"2,4-Dimethyl-3-pentanone",,-51.17,,,,,
"2,4-Dimethyl-3-pentanone",,-57.07,,,,,
"2,6-Dimethyl-4-heptanone",,-61.72,,,,,
2-Nonanone,,-62.74,,,,,
Methoxymethane,,-36.8,,,,,
Methoxymethane,,-30.9,,,,,
Methoxymethane,,-36.9,,,,,
Methoxymethane,,-33.3,,,,,
Methoxyethane,,-33.5,,,-216.4,309.25,93.3
1-Methoxypropane,,-36.8,,,,,
1-Methoxypropane,,-39.2,,,,,
2-Methoxypropane,,-38.08,,,,,
Diethyl ether,,-48.07,,,,,
Diethyl ether,,-36.47,,,,,
Diethyl ether,,-46.4,,,,,
Diethyl ether,,-46.07,,,,,
Diethyl ether,,-46.57,,,,,
Diethyl ether,,-49.07,,,,,
1-Methoxy-2-methylpropane,,-46.21,,,,,
2-Ethoxypropane,,-46.12,,,,,
2-Methoxy-2-Methylpropane,,-73.69,,,,,
2-Methoxy-2-Methylpropane,,-41.2,,,,,
2-Methoxy-2-Methylpropane,,-48.6,,,,,
2-Methoxy-2-Methylpropane,,-69.79,,,,,
2-Methoxy-2-Methylpropane,,-68.29,,,,,
2-Methoxy-2-Methylpropane,,-67.09,,,,,
2-Methoxy-2-Methylpropane,,-73.19,,,,,
1-Methoxybutane,,-41.53,,,,,
1-Methoxybutane,,-52.73,,,,,
2-Methoxybutane,,-42.71,,,,,
1-Methoxypentane,,-45.91,,,,,
Isopropyl propyl ether,,-52.15,,,,,
"2,2'-Oxybispropane",,-55.86,,,,,
"2,2'-Oxybispropane",,-54.8,,,,,
"2,2'-Oxybispropane",,-42.06,,,,,
"2,2'-Oxybispropane",,-50.7,,,,,
"1,1'-Oxybispropane",,-50.49,,,,,
"1,1'-Oxybispropane",,-44.69,,,,,
"1,1'-Oxybispropane",,-52.19,,,,,
1-Ethoxybutane,,-46.41,,,,,
1-Ethoxybutane,,-48.31,,,,,
1-Ethoxybutane,,-48.71,,,,,
2-Ethoxy-2-methylpropane,,-56.7,,,,,
2-Ethoxy-2-methylpropane,,-44.17,,,,,
2-Ethoxy-2-methylpropane,,-52.4,,,,,
2-Methoxy-2-methylbutane,,-56.5,,,,,
2-Methoxy-2-methylbutane,,-51.7,,,,,
2-Methoxy-2-methylbutane,,-46.6,,,,,
2-Methoxy-2-methylbutane,,-55.2,,,,,
1-Propoxybutane,,-49.76,,,,,
1-Methoxyhexane,,-51.9,,,,,
"1,2-Dimethoxyethane",,-59.42,,,,,
"1,2-Dimethoxyethane",,-59.42,,,,,
"1,2-Dimethoxyethane",,-58.83,,,,,
"1,2-Dimethoxyethane",,-59.67,,,,,
"1,2-Dimethoxyethane",,-59.42,,,,,
1-Ethoxy-2-methoxyethane,,-66.08,,,,,
"1,2-Diethoxyethane",,-71.99,,,,,
"1,2-Diethoxyethane",,-72.27,,,,,
1-Methoxy-2-propoxyethane,,-69.09,,,,,
1-(2-Methoxypropoxy)butane,,-72.49,,,,,
"1,2-Dipropoxyethane",,-76.79,,,,,
Anesthenyl,,-36.8,,,,,
Anesthenyl,,-41.77,,,,,
"1,1-Diethoxyethane",,-61.24,,,,,
"1,1-Diethoxyethane",,-59.05,,,,,
Diglyme,,-74.61,,,,,
Diglyme,,-71.01,,,,,
Diglyme,,-75.5,,,,,
Diglyme,,-74.9,,,,,
Diethylene glycol diethyl ether,,-92.66,,,,,
Diethylene glycol diethyl ether,,-96.5,,,,,
Diethylene glycol diethyl ether,,-96.3,,,,,
Triglyme,,-102.29,,,,,
Triglyme,,-102.52,,,,,
Triglyme,,-102.31,,,,,
Diethylene glycol dibutyl ether,,-105.8,,,,,
Tetraglyme,,-125.7,,,,,
Tetraglyme,,-125.85,,,,,
Tetraglyme,,-127.1,,,,,
Tetraglyme,,-122.2,,,,,
Tetraglyme,,-126.5,,,,,
Alpha-pinene,,-41.4,,,,,
Gamma-Terpinene,,-39.4,,,,,
Limonene,,-39.75,,,,,
Limonene,,-39.95,,,,,
Methyl Formate,,-32.1,,,,,
Methyl Formate,,-31.4,,,,,
Methyl Formate,,-32.1,,,,,
Ethyl Formate,,-38.41,,,,,
Ethyl Formate,,-35.6,,,,,
Ethyl Formate,,-38.41,,,,,
Propyl Formate,,-40.51,,,,,
Isobutyl Formate,,-43,,,,,
Isopentyl Formate,,-47.7,,,,,
Pentyl Formate,,-48.1,,,,,
Methyl Acetate,,-39.96,,,,,
Methyl Acetate,,-42.33,,,,,
Methyl Acetate,,-42.33,,,,,
Methyl Acetate,,-40.1,,,,,
Methyl Acetate,,-40.31,,,,,
Methyl Acetate,,-39.61,,,,,
Methyl Acetate,,-41.33,,,,,
Ethyl Acetate,,-45.22,,,,,
Ethyl Acetate,,-45.04,,,,,
Ethyl Acetate,,-45.44,,,,,
Ethyl Acetate,,-45.44,,,,,
Ethyl Acetate,,-45.39,,,,,
Ethyl Acetate,,-45.38,,,,,
Ethyl Acetate,,-45.48,,,,,
Ethyl Acetate,,-45.51,,,,,
Ethyl Acetate,,-45.02,,,,,
Ethyl Acetate,,-46.19,,,,,
Ethyl Acetate,,-45.02,,,,,
Ethyl Acetate,,-45.02,,,,,
Ethyl Acetate,,-45.56,,,,,
Ethyl Acetate,,-45.21,,,,,
Isopropyl Acetate,,-46.52,,,,,
Isopropyl Acetate,,-47.06,,,,,
Propyl Acetate,,-49.61,,,,,
Propyl Acetate,,-47.87,,,,,
Propyl Acetate,,-49.07,,,,,
Propyl Acetate,,-45.9,,,,,
Propyl Acetate,,-47.42,,,,,
Isobutyl Acetate,,-50.62,,,,,
Isobutyl Acetate,,-55.94,,,,,
Isobutyl Acetate,,-52.08,,,,,
Isobutyl Acetate,,-51.9,,,,,
Butyl Acetate,,-53.62,,,,,
Butyl Acetate,,-52.72,,,,,
Butyl Acetate,,-51.72,,,,,
Butyl Acetate,,-53.28,,,,,
tert-Butyl Acetate,,-45.91,,,,,
tert-Butyl Acetate,,-47.78,,,,,
tert-Butyl Acetate,,-45.38,,,,,
tert-Butyl Acetate,,-46.92,,,,,
tert-Butyl Acetate,,-43.47,,,,,
sec-Butyl Acetate,,-51.59,,,,,
sec-Butyl Acetate,,-52.2,,,,,
n-Pentyl Acetate,,-48.6,,,,,
n-Pentyl Acetate,,-56.6,,,,,
n-Pentyl Acetate,,-56.3,,,,,
n-Pentyl Acetate,,-54.1,,,,,
n-Pentyl Acetate,,-54.9,,,,,
Isopentyl Acetate,,-45.9,,,,,
Isopentyl Acetate,,-53.2,,,,,
Isopentyl Acetate,,-54.8,,,,,
n-Hexyl Acetate,,-60.8,,,,,
Methyl Propionate,,-41.95,,,,,
Methyl Propionate,,-44.6,,,,,
Ethyl Propionate,,-49.52,,,,,
Propyl Propionate,,-51.18,,,,,
Isobutyl Propionate,,-54.7,,,,,
Butyl Propionate,,-57.8,,,,,
Methyl Butyrate,,-47.66,,,,,
Methyl Butyrate,,-47.37,,,,,
Methyl Butyrate,,-47.07,,,,,
Ethyl Butyrate,,-54.11,,,,,
Ethyl Butyrate,,-52.6,,,,,
Propyl Butyrate,,-54.9,,,,,
Butyl Butyrate,,-63.5,,,,,
Methyl Isobutyrate,,-45.12,,,,,
Methyl Isobutyrate,,-46.04,,,,,
Ethyl Isobutyrate,,-51.28,,,,,
Isobutyl Isobutyrate,,-55.3,,,,,
Methyl Pentanoate,,-50.63,,,,,
Methyl Pentanoate,,-50.41,,,,,
Ethyl Pentanoate,,-56.52,,,,,
Ethyl Isopentanoate,,-56,,,,,
Methyl Pivalate,,-47.62,,,,,
Methyl Pivalate,,-46.14,,,,,
Ethyl Pivalate,,-51.09,,,,,
Ethyl Pivalate,,-50.32,,,,,
Methyl Hexanoate,,-54.74,,,,,
Ethyl Hexanoate,,-60.17,,,,,
Ethyl 2-Methylbutanoate,,-55.4,,,,,
Methanethiol,,-23.3,,,,,
Methanethiol,,-23.9,,,,,
Methanethiol,,-25.8,,,,,
Methanethiol,,-25.9,,,,,
Ethanethiol,,-29.7,,,,,
Ethanethiol,,-28.5,,,,,
1-Propanethiol,,-30.7,,,,,
1-Propanethiol,,-29.7,,,,,
1-Butanethiol,,-31.7,,,,,
1-Butanethiol,,-40.9,,,,,
Dimethyl Sulfide,,-31.48,,,,,
Dimethyl Sulfide,,-31.8,,,,,
Dimethyl Sulfide,,-28.8,,,,,
Dimethyl Sulfide,,-31.1,,,,,
Diethyl Sulfide,,-40.22,,,,,
Dipropyl Sulfide,,-47.65,,,,,
Carbon Disulfide,,-23,,,,,
Carbon Disulfide,,-33.2,,,,,
Carbon Disulfide,,-29.95,,,,,
Dimethyl Disulfide,,-34.69,,,,,
Dimethyl Disulfide,,-34.9,,,,,
Dimethyl Disulfide,,-33.6,,,,,
Diethyl Disulfide,,-41.02,,,,,
Diethyl Disulfide,,-38.8,,,,,
Dipropyl Disulfide,,-45.14,,,,,
Acetonitrile,,-34.9,,,,,
Acetonitrile,,-34.91,,,,,
Acetonitrile,,-35.01,,,,,
Acetonitrile,,-34.84,,,,,
Acetonitrile,,-35.01,,,,,
Acetonitrile,,-34.66,,,,,
Acetonitrile,,-34.89,,,,,
Acetonitrile,,-34.94,,,,,
Acetonitrile,,-34.96,,,,,
Acetonitrile,,-34.99,,,,,
Propanenitrile,,-39.56,,,,,
Propanenitrile,,-39.48,,,,,
Butanenitrile,,-41.8,,,,,
Butanenitrile,,-42.56,,,,,
2-Methylpropanenitrile,,-40.02,,,,,
Pentanenitrile,,-45.64,,,,,
Butanedinitrile,,-58.24,,,,,
Pentanedinitrile,,-65.6,,,,,
Pentanedinitrile,,-62.4,,,,,
Hexanedinitrile,,-66.6,,,,,
1-Hexene,,-32.2,,,,,
1-Octene,,-36.9,,,,,
cumene,,-39.6,,,,,
n-Butylbenzene,,-46.1,,,,,
n-Pentylbenzene,,-48.8,,,,,
n-Hexylbenzene,,-52.4,,,,,
Cyclopentene,,-25.7,,,,,
2-Cyclohexen-1-ol,,-70.9,,,,,
Ethenylbenzene,,-35,,,,,
Tetralin,,-44,,,,,
Propane,,,319,,,,
Propane,,,332,,,,
Propane,,,389,,,,
n-Butane,,,383,,,,
n-Butane,,,390,,,,
n-Pentane,,,458,,,,
n-Pentane,,,446,,,,
n-Pentane,,,452,,,,
n-Hexane,,,493,,,,
n-Hexane,,,492.4,,,,
n-Heptane,,,540,,,,
n-Octane,,,587,,,,
2-Methylpropane,,,360,,,,
2-Methylpropane,,,377,,,,
"2,2-Dimethylpropane",,,486,,,,
Propene,,,278,,,,
"1,3-Butadiene",,,325,,,,
1-Butene,,,389,,,,
2-Methyl-1-propene,,,365,,,,
Propyne,,,203,,,,
"1,3-Dimethylbenzene",,,357.2,,,,
"1,4-Dimethylbenzene",,,358,,,,
"1,4-Dimethylbenzene",,,350,,,,
"1,4-Dimethylbenzene",,,358,,,,
Ethylbenzene,,,405.4,,,,
Ethylbenzene,,,376.4,,,,
n-Propylbenzene,,,453.1,,,,
Cyclopropane,,,303,,,,
Cyclopentane,,,323.2,,,,
Cyclohexane,,,409.7,,,,
Methylcyclohexane,,,504,,,,
Methanol,,,111.8,,,,
Methanol,,,113.8,,,,
Methanol,,,112.8,,,,
Methanol,,,112.8,,,,
Methanol,,,113.8,,,,
Methanol,,,113.8,,,,
Methanol,,,133.8,,,,
Methanol,,,111.8,,,,
Ethanol,,,193.6,,,,
Ethanol,,,202.6,,,,
Ethanol,,,197.6,,,,
Ethanol,,,195.6,,,,
Ethanol,,,194.6,,,,
Ethanol,,,195.6,,,,
Ethanol,,,194.6,,,,
Ethanol,,,210.6,,,,
Ethanol,,,188.6,,,,
n-Propanol,,,272.4,,,,
n-Propanol,,,275.4,,,,
n-Propanol,,,270.4,,,,
n-Propanol,,,269.4,,,,
n-Propanol,,,268.4,,,,
n-Propanol,,,266.4,,,,
n-Propanol,,,264.4,,,,
n-Propanol,,,267.4,,,,
n-Propanol,,,260.4,,,,
n-Propanol,,,294.4,,,,
n-Propanol,,,267.4,,,,
n-Butanol,,,335,,,,
n-Butanol,,,334,,,,
n-Butanol,,,339,,,,
n-Butanol,,,346,,,,
n-Butanol,,,338,,,,
n-Butanol,,,336,,,,
n-Butanol,,,333,,,,
n-Butanol,,,332,,,,
n-Butanol,,,330,,,,
n-Butanol,,,337,,,,
n-Butanol,,,329,,,,
n-Butanol,,,369,,,,
n-Butanol,,,329,,,,
1-Pentanol,,,413,,,,
1-Pentanol,,,447,,,,
1-Pentanol,,,409,,,,
1-Pentanol,,,404,,,,
1-Pentanol,,,401,,,,
1-Pentanol,,,399,,,,
1-Pentanol,,,393,,,,
1-Pentanol,,,426,,,,
n-Hexanol,,,484.3,,,,
n-Hexanol,,,461.3,,,,
n-Hexanol,,,456.3,,,,
n-Heptanol,,,521.6,,,,
n-Heptanol,,,559.6,,,,
n-Octanol,,,578.9,,,,
2-Propanol,,,279.4,,,,
2-Propanol,,,272.4,,,,
2-Propanol,,,297.4,,,,
2-Propanol,,,271.4,,,,
2-Butanol,,,350.9,,,,
2-Butanol,,,335.9,,,,
2-Butanol,,,369.9,,,,
2-Methyl-1-propanol,,,326.8,,,,
2-Methyl-1-propanol,,,323.8,,,,
2-Methyl-1-propanol,,,355.8,,,,
2-Methyl-2-propanol,,,351,,,,
2-Methyl-2-propanol,,,349,,,,
2-Methyl-2-propanol,,,350,,,,
2-Methyl-2-propanol,,,349,,,,
2-Methyl-2-propanol,,,350,,,,
2-Methyl-2-propanol,,,350,,,,
2-Methyl-2-propanol,,,382,,,,
2-Methyl-2-propanol,,,370,,,,
"2,2-Dimethyl-1-propanol",,,369.8,,,,
"2,2-Dimethyl-1-propanol",,,369.8,,,,
2-Methyl-2-butanol,,,407.3,,,,
2-Methyl-2-butanol,,,429.3,,,,
3-Pentanol,,,404.7,,,,
2-Propen-1-ol,,,265,,,,
2-Buten-1-ol,,,301.8,,,,
3-Buten-1-ol,,,301.4,,,,
3-Pentyn-1-ol,,,286.7,,,,
4-Penten-1-ol,,,311.5,,,,
Cyclopentanol,,,329,,,,
Cyclopentanol,,,375,,,,
Cyclohexanol,,,368.3,,,,
Cyclohexanol,,,330.3,,,,
Cyclohexanol,,,350.3,,,,
Cyclohexanol,,,390.3,,,,
Cycloheptanol,,,432.7,,,,
Acetone,,,165.5,,,,
Acetone,,,150.5,,,,
Acetone,,,166,,,,
Acetone,,,165.5,,,,
2-Butanone,,,233.7,,,,
2-Butanone,,,233.7,,,,
2-Butanone,,,233.3,,,,
3-Pentanone,,,298.4,,,,
Diethyl ether,,,303.5,,,,
2-Methoxy-2-Methylpropane,,,330,,,,
"1,2-Dimethoxyethane",,,242.4,,,,
"1,2-Dimethoxyethane",,,258.4,,,,
1-Ethoxy-2-methoxyethane,,,320.7,,,,
"1,2-Diethoxyethane",,,407.9,,,,
"1,2-Diethoxyethane",,,406.9,,,,
1-Methoxy-2-propoxyethane,,,397.9,,,,
1-(2-Methoxypropoxy)butane,,,464,,,,
"1,2-Dipropoxyethane",,,492.2,,,,
Anesthenyl,,,179.9,,,,
"1,1-Diethoxymethane",,,335.1,,,,
Diethylene glycol diethyl ether,,,479.3,,,,
Tetraglyme,,,546.6,,,,
Methyl Formate,,,176,,,,
Ethyl Formate,,,225,,,,
Methyl Acetate,,,213,,,,
Methyl Acetate,,,204,,,,
Methyl Acetate,,,215,,,,
Methyl Acetate,,,212,,,,
Methyl Acetate,,,197,,,,
Ethyl Acetate,,,270,,,,
Ethyl Acetate,,,281,,,,
Ethyl Acetate,,,259,,,,
Ethyl Acetate,,,283,,,,
Ethyl Acetate,,,260,,,,
Ethyl Propionate,,,335,,,,
Methyl Butyrate,,,319,,,,
Ethyl Butyrate,,,392,,,,
Ethyl Pentanoate,,,457,,,,
Ethyl Pivalate,,,433,,,,
Methyl Hexanoate,,,444,,,,
Ethyl Hexanoate,,,491,,,,
Dimethyl Sulfide,,,228,,,,
Diethyl Sulfide,,,320,,,,
Dipropyl Sulfide,,,487,,,,
Dimethyl Disulfide,,,286,,,,
Diethyl Disulfide,,,363,,,,
Acetonitrile,,,137.7,,,,
Acetonitrile,,,137.7,,,,
Acetonitrile,,,157.7,,,,
Propanenitrile,,,211.2,,,,
Hexanenitrile,,,399.2,,,,
Benzene,,,290,,,,
Methylbenzene,,,340,,,,
2-Cyclohexen-1-ol,,,370,,,,
Propane,,,,75,,,
Propane,,,,70.7,,,
Propane,,,,67,,,
n-Butane,,,,74.5,,,
n-Butane,,,,76.6,,,
2-Methylpropane,,,,74.9,,,
2-Methylpropane,,,,83.1,,,
"2,2-Dimethylpropane",,,,100.5,,,
Propene,,,,56.7,,,
"1,3-Butadiene",,,,68.3,,,
1-Butene,,,,62.3,,,
Benzene,,,,83.1,,,
Benzene,,,,82.6,,,
Benzene,,,,83.5,,,
Benzene,,,,82.6,,,
Benzene,,,,81.27,,,
Benzene,,,,83.2,,,
Methylbenzene,,,,98.8,,,
Methylbenzene,,,,98.6,,,
Methylbenzene,,,,96.6,,,
Methylbenzene,,,,97.5,,,
Methylbenzene,,,,97,,,
Methylbenzene,,,,97.71,,,
Cyclopropane,,,,54.3,,,
Methanol,,,,38.1,,,
Methanol,,,,38.18,,,
Methanol,,,,38.38,,,
Methanol,,,,38.1,,,
Methanol,,,,38.1,,,
Methanol,,,,38.24,,,
Methanol,,,,38.25,,,
Methanol,,,,38.13,,,
Methanol,,,,38.1,,,
Methanol,,,,38.17,,,
Methanol,,,,38,,,
Methanol,,,,38.1,,,
Methanol,,,,38.89,,,
Methanol,,,,38.2,,,
Ethanol,,,,54.6,,,
Ethanol,,,,55.14,,,
Ethanol,,,,55.1,,,
Ethanol,,,,55.09,,,
Ethanol,,,,55.5,,,
Ethanol,,,,56.28,,,
Ethanol,,,,55,,,
Ethanol,,,,55.1,,,
Ethanol,,,,55.05,,,
Ethanol,,,,55.16,,,
Ethanol,,,,55.1,,,
Ethanol,,,,55.08,,,
Ethanol,,,,55.1,,,
Ethanol,,,,55.08,,,
Ethanol,,,,54.92,,,
Ethanol,,,,55.3,,,
Ethanol,,,,55.08,,,
n-Propanol,,,,70.5,,,
n-Propanol,,,,70.77,,,
n-Propanol,,,,70.7,,,
n-Propanol,,,,70.71,,,
n-Propanol,,,,70.95,,,
n-Propanol,,,,70.8,,,
n-Propanol,,,,70.65,,,
n-Propanol,,,,70.7,,,
n-Propanol,,,,70.69,,,
n-Propanol,,,,70.63,,,
n-Propanol,,,,70.75,,,
n-Propanol,,,,70.66,,,
n-Propanol,,,,70.3,,,
n-Propanol,,,,70.74,,,
n-Propanol,,,,70.4,,,
n-Propanol,,,,71.5,,,
n-Propanol,,,,70.66,,,
n-Butanol,,,,86.59,,,
n-Butanol,,,,86.52,,,
n-Butanol,,,,86.63,,,
n-Butanol,,,,86.45,,,
n-Butanol,,,,86.08,,,
n-Butanol,,,,86.5,,,
n-Butanol,,,,86.09,,,
n-Butanol,,,,86.43,,,
n-Butanol,,,,86.65,,,
n-Butanol,,,,86.6,,,
n-Butanol,,,,86.48,,,
n-Butanol,,,,86.62,,,
n-Butanol,,,,85.9,,,
n-Butanol,,,,86.63,,,
n-Butanol,,,,86.12,,,
n-Butanol,,,,86.8,,,
n-Butanol,,,,86.59,,,
n-Butanol,,,,86.6,,,
1-Pentanol,,,,102.1,,,
1-Pentanol,,,,102.47,,,
1-Pentanol,,,,102.62,,,
1-Pentanol,,,,102.5,,,
1-Pentanol,,,,102.3,,,
1-Pentanol,,,,101.52,,,
1-Pentanol,,,,101.95,,,
1-Pentanol,,,,101.95,,,
1-Pentanol,,,,102.88,,,
1-Pentanol,,,,102.62,,,
1-Pentanol,,,,102.3,,,
1-Pentanol,,,,102.55,,,
1-Pentanol,,,,101.81,,,
n-Hexanol,,,,118.47,,,
n-Hexanol,,,,115.5,,,
n-Hexanol,,,,118.65,,,
n-Hexanol,,,,117.56,,,
n-Heptanol,,,,129.4,,,
n-Heptanol,,,,133.43,,,
n-Octanol,,,,151.2,,,
2-Propanol,,,,71.7,,,
2-Propanol,,,,71.82,,,
2-Propanol,,,,72.44,,,
2-Propanol,,,,71.6,,,
2-Propanol,,,,71.83,,,
2-Propanol,,,,71.7,,,
2-Propanol,,,,71.93,,,
2-Propanol,,,,70.9,,,
2-Propanol,,,,71.9,,,
2-Butanol,,,,86.55,,,
2-Butanol,,,,83.99,,,
2-Butanol,,,,86.53,,,
2-Butanol,,,,86.64,,,
2-Butanol,,,,86.66,,,
2-Butanol,,,,86.63,,,
2-Butanol,,,,86.3,,,
2-Butanol,,,,86.6,,,
2-Methyl-1-propanol,,,,86.71,,,
2-Methyl-1-propanol,,,,86.46,,,
2-Methyl-1-propanol,,,,86.75,,,
2-Methyl-1-propanol,,,,86.7,,,
2-Methyl-2-propanol,,,,87.81,,,
2-Methyl-2-propanol,,,,87.85,,,
2-Methyl-2-propanol,,,,87.52,,,
2-Methyl-2-propanol,,,,87.81,,,
2-Methyl-2-propanol,,,,87.9,,,
2-Methyl-2-propanol,,,,87.76,,,
2-Methyl-2-propanol,,,,87.76,,,
2-Methyl-2-propanol,,,,87.73,,,
2-Methyl-2-propanol,,,,87.9,,,
2-Methyl-2-propanol,,,,88.3,,,
2-Methyl-2-propanol,,,,87.86,,,
2-Methyl-2-propanol,,,,87.9,,,
"2,2-Dimethyl-1-propanol",,,,102.29,,,
"2,2-Dimethyl-1-propanol",,,,102.32,,,
"2,2-Dimethyl-1-propanol",,,,101.9,,,
"2,2-Dimethyl-1-propanol",,,,99.7,,,
2-Methyl-1-butanol,,,,101.2,,,
2-Methyl-2-butanol,,,,101.37,,,
2-Methyl-2-butanol,,,,101.38,,,
2-Methyl-2-butanol,,,,101.15,,,
2-Pentanol,,,,102.55,,,
3-Methyl-1-butanol,,,,101.2,,,
3-Methyl-1-butanol,,,,107.2,,,
3-Pentanol,,,,101.14,,,
3-Pentanol,,,,101.16,,,
3-Pentanol,,,,101.28,,,
3-Pentanol,,,,101.28,,,
"2,3-Dimethyl-2-butanol",,,,112.7,,,
2-Hexanol,,,,118.49,,,
2-Hexanol,,,,117.1,,,
3-Hexanol,,,,117.14,,,
3-Hexanol,,,,117.14,,,
3-Hexanol,,,,114.9,,,
3-Methyl-3-pentanol,,,,113.2,,,
4-Methyl-2-pentanol,,,,116.6,,,
3-Heptanol,,,,133.3,,,
2-Heptanol,,,,134.39,,,
3-Ethyl-3-Pentanol,,,,125.9,,,
4-Heptanol,,,,133.2,,,
2-Propen-1-ol,,,,64.3,,,
2-Propen-1-ol,,,,62.9,,,
4-Penten-1-ol,,,,92.1,,,
Cyclobutanol,,,,75.6,-143.3,311.38,94.5
Cyclopropanemethanol,,,,76,,,
Cyclopentanol,,,,88.97,,,
Cyclopentanol,,,,88.2,,,
Cyclopentanol,,,,89.06,,,
Cyclopentanol,,,,89.06,,,
Cyclopentanol,,,,88.5,,,
2-Cyclopropylethanol,,,,92.4,,,
Cyclohexanol,,,,103.51,,,
Cyclohexanol,,,,103.45,,,
Cyclohexanol,,,,103.54,,,
Cyclohexanol,,,,103.54,,,
Cyclohexanol,,,,102.7,,,
Cyclohexanol,,,,103,,,
Cyclopentanemethanol,,,,103.6,,,
Cycloheptanol,,,,116.9,,,
Cycloheptanol,,,,116.88,,,
Cycloheptanol,,,,116.88,,,
Cyclohexanemethanol,,,,118.1,,,
2-Cyclopentylethanol,,,,118.2,,,
Cyclooctanol,,,,129.7,,,
Acetone,,,,65.49,,,
Acetone,,,,66.93,,,
Acetone,,,,66.92,,,
Acetone,,,,66.8,,,
Acetone,,,,66.92,,,
Acetone,,,,67,,,
2-Butanone,,,,82.44,,,
2-Butanone,,,,82.51,,,
2-Butanone,,,,82.52,,,
2-Butanone,,,,82.9,,,
2-Butanone,,,,82.5,,,
2-Pentanone,,,,98,,,
2-Pentanone,,,,98,,,
3-Methyl-2-butanone,,,,95,,,
3-Methyl-2-butanone,,,,96.3,,,
3-Pentanone,,,,98.08,,,
3-Pentanone,,,,96.4,,,
2-Hexanone,,,,113,,,
2-Methyl-3-pentanone,,,,112.7,,,
"3,3-Dimethyl-2-butanone",,,,113.4,,,
3-Hexanone,,,,113.1,,,
3-Methyl-2-pentanone,,,,113.2,,,
4-Methyl-2-pentanone,,,,114.4,,,
Diethyl ether,,,,90.4,,,
Diethyl ether,,,,90.5,,,
Diethyl ether,,,,89.9,,,
Diethyl ether,,,,90.4,,,
Diethyl ether,,,,89.3,,,
"2,2'-Oxybispropane",,,,115,,,
"2,2'-Oxybispropane",,,,117.2,,,
"1,2-Dimethoxyethane",,,,95.06,,,
"1,2-Dimethoxyethane",,,,95.26,,,
"1,2-Dimethoxyethane",,,,94.84,,,
"1,2-Dimethoxyethane",,,,94.72,,,
"1,2-Dimethoxyethane",,,,96.08,,,
"1,2-Dimethoxyethane",,,,95.59,,,
"1,2-Dimethoxyethane",,,,95.89,,,
"1,2-Dimethoxyethane",,,,95.88,,,
"1,2-Dimethoxyethane",,,,95.85,,,
"1,2-Dimethoxyethane",,,,95.7,,,
"1,2-Dimethoxyethane",,,,95.45,,,
"1,2-Dimethoxyethane",,,,95.6,,,
"1,2-Dimethoxyethane",,,,95.6,,,
"1,2-Diethoxyethane",,,,126.34,,,
"1,2-Diethoxyethane",,,,127.29,,,
Anesthenyl,,,,80.47,,,
Anesthenyl,,,,80.42,,,
Anesthenyl,,,,80.5,,,
Anesthenyl,,,,80.86,,,
"1,1-Dimethoxyethane",,,,101.54,-418.04,,
"1,1-Diethoxymethane",,,,113.88,,,
"1,1-Diethoxymethane",,,,114.59,,,
Diglyme,,,,132.42,,,
Diglyme,,,,132.9,,,
Diglyme,,,,132.69,,,
Diglyme,,,,132.72,,,
Diglyme,,,,132.4,,,
Diglyme,,,,131.6,,,
Diethylene glycol diethyl ether,,,,162.86,,,
Diethylene glycol diethyl ether,,,,164.16,,,
Diethylene glycol diethyl ether,,,,165,,,
Triglyme,,,,169.36,,,
Triglyme,,,,170.3,,,
Triglyme,,,,169.9,,,
Triglyme,,,,169.18,,,
Triglyme,,,,170.3,,,
Triglyme,,,,169.63,,,
Triglyme,,,,169.83,,,
Triglyme,,,,169,,,
Tetraglyme,,,,205.95,,,
Tetraglyme,,,,207,,,
Tetraglyme,,,,207.3,,,
Tetraglyme,,,,206.56,,,
Tetraglyme,,,,207.1,,,
Tetraglyme,,,,206.66,,,
Tetraglyme,,,,206.88,,,
Methyl Formate,,,,55.27,,,
Ethyl Formate,,,,72.8,,,
Methyl Acetate,,,,72.36,,,
Methyl Acetate,,,,72.23,,,
Methyl Acetate,,,,72.26,,,
Methyl Acetate,,,,72.46,,,
Ethyl Acetate,,,,88.87,,,
Ethyl Acetate,,,,89.05,,,
Ethyl Acetate,,,,88.93,,,
Ethyl Acetate,,,,88.97,,,
Ethyl Acetate,,,,88.8,,,
Isopropyl Acetate,,,,106.21,,,
Propyl Acetate,,,,104.9,,,
Propyl Acetate,,,,105.12,,,
Propyl Acetate,,,,105.24,,,
Isobutyl Acetate,,,,121.32,,,
Isobutyl Acetate,,,,121.43,,,
Isobutyl Acetate,,,,121.71,,,
Butyl Acetate,,,,121.02,,,
Butyl Acetate,,,,121.17,,,
Butyl Acetate,,,,121.14,,,
tert-Butyl Acetate,,,,122.07,,,
tert-Butyl Acetate,,,,121.27,,,
tert-Butyl Acetate,,,,122.11,,,
sec-Butyl Acetate,,,,119.47,,,
sec-Butyl Acetate,,,,121.73,,,
sec-Butyl Acetate,,,,122.1,,,
Diethyl Sulfide,,,,99.5,,,
Carbon Disulfide,,,,76.7,,,
Carbon Disulfide,,,,72.8,,,
Acetonitrile,,,,47.41,,,
Acetonitrile,,,,46.9,,,
Acetonitrile,,,,47.33,,,
Acetonitrile,,,,47.42,,,
Acetonitrile,,,,47.4,,,
Propanenitrile,,,,64.4,,,
Propanenitrile,,,,64.34,,,
Butanenitrile,,,,80.59,,,
Pentanenitrile,,,,96.73,,,
Hexanenitrile,,,,111.6,,,
Hexanenitrile,,,,111.91,,,
Octanenitrile,,,,146.18,,,
Ethylbenzene,,,,114.5,,,
2-Methyl-2-propanethiol,,,,,-109.57,,121.2
2-Methyloctane,,,,,,498.9,209.8
glucose,-98.3,-481.1645109,160.4,112.2,-781.0254891,465.4,202.6
xylose,-77.7,,,95.7,,,
Beta-L-Ribulofuranose,,,,,,,
fructose,,,,111,,,
