Region ID,Source of PTM,Gene,UniProtKB Accession,Isoform ID,Isoform Type,Residue,PTM Position in Isoform,Modification Class,Canonical Flanking Sequence,MS_LIT,MS_CST,LT_LIT,Compendia,Number of Compendia,Inclusion Flanking Sequence,Exclusion Flanking Sequence,Region,Translation Success,dPSI,Significance,Stop Codon Introduced,Event Type
SE_1,Q68EM7-2_S497,ARHGAP17,Q68EM7,Q68EM7-2,Alternative,S,497,Phosphorylation,VMEGDLVKKEsPPKPKDPVSA,7.0,0.0,0.0,PhosphoSitePlus;HPRD;ProteomeScout,3.0,LVKKEsFGVKL,LVKKEsPPKPK,Second,True,0.413,0.0,False,SE
SE_1,Q68EM7-1_S497,ARHGAP17,Q68EM7,Q68EM7-1,Canonical,S,497,Phosphorylation,VMEGDLVKKEsFGVKLMDFQA,5.0,0.0,0.0,PhosphoSitePlus;dbPTM;ProteomeScout,3.0,LVKKEsFGVKL,LVKKEsPPKPK,Second,True,0.413,0.0,False,SE
SE_3,P01116-2_K147;P01116-1_K147,KRAS,P01116,P01116-1,Canonical,K,147,Acetylation,YGIPFIETSAkTRQRVEDAFY,1.0,0.0,0.0,PhosphoSitePlus;ProteomeScout,2.0,IETSAkTRQRV,IETSAkTRQGV,Second,True,-0.068,0.0,False,SE
SE_3,P01116-2_K147;P01116-1_K147,KRAS,P01116,P01116-1,Canonical,K,147,Ubiquitination,YGIPFIETSAkTRQRVEDAFY,5.0,2.0,3.0,PhosphoSitePlus;dbPTM;ProteomeScout,3.0,IETSAkTRQRV,IETSAkTRQGV,Second,True,-0.068,0.0,False,SE
SE_3,P01116-2_T148;P01116-1_T148,KRAS,P01116,P01116-1,Canonical,T,148,Phosphorylation,GIPFIETSAKtRQRVEDAFYT,0.0,0.0,1.0,PhosphoSitePlus;ProteomeScout,2.0,ETSAKtRQRVE,ETSAKtRQGVD,Second,True,-0.068,0.0,False,SE
SE_8,Q9UPQ0-1_S746,LIMCH1,Q9UPQ0,Q9UPQ0-1,Canonical,S,746,Phosphorylation,ANQLHLPNLNsQVDSPSSEKS,2.0,0.0,0.0,ProteomeScout,1.0,LPNLNsQESPG,LPNLNsQVDSP,First,True,-0.163,0.0,False,SE
SE_8,Q9UPQ0-1_S750;Q9UPQ0-10_S750;Q9UPQ0-6_S596,LIMCH1,Q9UPQ0,Q9UPQ0-1,Canonical,S,750,Phosphorylation,HLPNLNSQVDsPSSEKSPVMT,3.0,0.0,0.0,PhosphoSitePlus;HPRD;UniProt;ProteomeScout;dbPTM,5.0,SQSVDsPSSEK,NSQVDsPSSEK,Second,True,-0.163,0.0,False,SE
SE_11,P62847-1_K129,RPS24,P62847,P62847-1,Alternative,K,129,Ubiquitination,GTAKANVGAGkKPKE      ,,,,PhosphoSitePlus;ProteomeScout,2.0,NVGAGkKQ*AG,NVGAGkKPKE*,First,True,-0.21,0.0,True,SE
SE_11,P62847-1_K130,RPS24,P62847,P62847-1,Alternative,K,130,Acetylation,TAKANVGAGKkPKE       ,,,,PhosphoSitePlus;ProteomeScout,2.0,VGAGKkQ*AGD,VGAGKkPKE*R,First,True,-0.21,0.0,True,SE
SE_11,P62847-1_K132,RPS24,P62847,P62847-1,Alternative,K,132,Acetylation,KANVGAGKKPkE         ,,,,PhosphoSitePlus;ProteomeScout,2.0,IGSQPkE*RCC,AGKKPkE*RCC,Second,True,-0.21,0.0,True,SE
SE_13,O60763-1_S483,USO1,O60763,O60763-1,Canonical,S,483,Phosphorylation,SLLQQCTNILsQGSKIQTRVG,0.0,1.0,0.0,PhosphoSitePlus;ProteomeScout,2.0,CTNILsQGDKI,CTNILsQGSKI,First,True,-0.535,0.0,False,SE
SE_13,O60763-1_S486,USO1,O60763,O60763-1,Canonical,S,486,Phosphorylation,QQCTNILSQGsKIQTRVGLLM,0.0,1.0,0.0,PhosphoSitePlus;ProteomeScout,2.0,IDRRGsKIQTR,ILSQGsKIQTR,Second,True,-0.535,0.0,False,SE
SE_14,Q13444-11_K465;Q13444-12_K769;Q13444-2_K759;Q13444-5_K759,ADAM15,Q13444,Q13444-11,Alternative,K,465,Ubiquitination,PQRALLARGTkSQGPAKPPPP,1.0,0.0,0.0,PhosphoSitePlus,1.0,LARGTkQASAL,LARGTkSQGPA,First,True,-0.09,0.0,False,SE
SE_15,Q13444-11_K465;Q13444-12_K769;Q13444-2_K759;Q13444-5_K759,ADAM15,Q13444,Q13444-11,Alternative,K,465,Ubiquitination,PQRALLARGTkSQGPAKPPPP,1.0,0.0,0.0,PhosphoSitePlus,1.0,LARGTkAELAD,LARGTkSQGPA,First,True,-0.148,0.0,False,SE
SE_16,Q13444-11_K465;Q13444-12_K769;Q13444-2_K759;Q13444-5_K759,ADAM15,Q13444,Q13444-11,Alternative,K,465,Ubiquitination,PQRALLARGTkSQGPAKPPPP,1.0,0.0,0.0,PhosphoSitePlus,1.0,LARGTkASALS,LARGTkSQGPA,First,True,-0.087,0.0,False,SE
SE_19,Q8IVM0-1_Y146,CCDC50,Q8IVM0,Q8IVM0-1,Canonical,Y,146,Phosphorylation,ATRAYADSYYyEDGGMKPRVM,5.0,18.0,1.0,PhosphoSitePlus;dbPTM;ProteomeScout,3.0,ADSYYyEDGDQ,ADSYYyEDGGM,First,True,-0.513,0.0,False,SE
SE_19,Q8IVM0-1_K152,CCDC50,Q8IVM0,Q8IVM0-1,Canonical,K,152,Ubiquitination,DSYYYEDGGMkPRVMKEAVST,10.0,50.0,0.0,PhosphoSitePlus;dbPTM;ProteomeScout,3.0,HDAGMkPRVMK,EDGGMkPRVMK,Second,True,-0.513,0.0,False,SE
SE_22,O43795-1_T793,MYO1B,O43795,O43795-1,Canonical,T,793,Phosphorylation,VTTIAAYWHGtQARRELRRLK,1.0,0.0,0.0,PhosphoSitePlus;dbPTM;ProteomeScout,3.0,AYWHGtQARRE,AYWHGtQVRRE,First,True,0.471,0.0,False,SE
SE_23,O43795-1_T793,MYO1B,O43795,O43795-1,Canonical,T,793,Phosphorylation,VTTIAAYWHGtQARRELRRLK,1.0,0.0,0.0,PhosphoSitePlus;dbPTM;ProteomeScout,3.0,AYWHGtQARRE,AYWHGtQVRRE,First,True,0.43,0.0,False,SE
SE_25,P16070-1_T222,CD44,P16070,P16070-1,Canonical,T,222,Phosphorylation,ITDSTDRIPAtTLMSTSATAT,0.0,1.0,0.0,PhosphoSitePlus;ProteomeScout,2.0,DRIPAtNRNDV,DRIPAtRDQDT,First,True,-0.539,0.0,False,SE
SE_26,P16070-1_T222,CD44,P16070,P16070-1,Canonical,T,222,Phosphorylation,ITDSTDRIPAtTLMSTSATAT,0.0,1.0,0.0,PhosphoSitePlus;ProteomeScout,2.0,DRIPAtSTSSN,DRIPAtRDQDT,First,True,-0.68,0.0,False,SE
SE_27,P16070-1_T222,CD44,P16070,P16070-1,Canonical,T,222,Phosphorylation,ITDSTDRIPAtTLMSTSATAT,0.0,1.0,0.0,PhosphoSitePlus;ProteomeScout,2.0,DRIPAtNMDSS,DRIPAtRDQDT,First,True,-0.544,0.0,False,SE
SE_28,Q06481-1_T367,APLP2,Q06481,Q06481-1,Canonical,T,367,Glycosylation,MAVCKAMIPPtPLPTNDVDVY,1.0,0.0,0.0,PhosphoSitePlus,1.0,AMIPPtPLPTN,VKVPPtPLPTN,Second,True,-0.284,0.0,False,SE
SE_29,Q9BV36-1_S336;Q9BV36-2_S336,MLPH,Q9BV36,Q9BV36-1,Canonical,S,336,Phosphorylation,SHHSKRRGRAsSESQIFELNK,3.0,6.0,0.0,PhosphoSitePlus;dbPTM;ProteomeScout,3.0,RRGRAsSESQI,RRGRAsSESQG,First,True,0.364,0.0,False,SE
SE_29,Q9BV36-2_S337;Q9BV36-1_S337,MLPH,Q9BV36,Q9BV36-1,Canonical,S,337,Phosphorylation,HHSKRRGRASsESQIFELNKH,9.0,8.0,0.0,PhosphoSitePlus;dbPTM;ProteomeScout,3.0,RGRASsESQIF,RGRASsESQGL,First,True,0.364,0.0,False,SE
SE_29,Q9BV36-1_S339,MLPH,Q9BV36,Q9BV36-1,Canonical,S,339,Phosphorylation,SKRRGRASSEsQIFELNKHIS,,,,ProteomeScout,1.0,RASSEsQIFEL,RASSEsQGLGA,First,True,0.364,0.0,False,SE
SE_30,P04818-1_S151,TYMS,P04818,P04818-1,Canonical,S,151,Phosphorylation,HFGAEYRDMEsDYSGQGVDQL,0.0,2.0,0.0,PhosphoSitePlus;ProteomeScout,2.0,YRDMEsDYSGQ,YRDMEsDLPLM,First,True,0.051,0.0,False,SE
SE_34,O60716-3_T933;O60716-1_T933,CTNND1,O60716,O60716-1,Canonical,T,933,Phosphorylation,LGDMEPLKGTtPLMQDEGQES,6.0,0.0,0.0,dbPTM;ProteomeScout;Phospho.ELM,3.0,PLKGTtPLMQD,PLKGTtPLMQK,First,True,-0.111,0.0,False,SE
SE_37,Q27J81-1_S1229;Q27J81-2_S1229,INF2,Q27J81,Q27J81-1,Canonical,S,1229,Phosphorylation,GKRRKKRPSRsQEEVPPDSDD,4.0,4.0,0.0,PhosphoSitePlus;dbPTM;ProteomeScout,3.0,KRPSRsQEEHS,KRPSRsQEGLR,First,True,-0.508,0.0,False,SE
SE_38,Q27J81-1_S1229;Q27J81-2_S1229,INF2,Q27J81,Q27J81-1,Canonical,S,1229,Phosphorylation,GKRRKKRPSRsQEEVPPDSDD,4.0,4.0,0.0,PhosphoSitePlus;dbPTM;ProteomeScout,3.0,KRPSRsQEEVP,KRPSRsQEGLR,First,True,-0.208,0.0,False,SE
SE_40,Q96N67-1_S958,DOCK7,Q96N67,Q96N67-1,Canonical,S,958,Phosphorylation,SAESTQAMDRsCNRMSSHTET,1.0,0.0,0.0,PhosphoSitePlus;ProteomeScout,2.0,QAMDRsCNRMS,KAMDRsCNRMS,First,True,0.39,0.0,False,SE
SE_40,Q96N67-3_S921,DOCK7,Q96N67,Q96N67-3,Alternative,S,921,Phosphorylation,PDDEVRSIIGsKAMDRSCNRM,0.0,1.0,0.0,PhosphoSitePlus;ProteomeScout,2.0,RSIIGsKGLDR,RSIIGsKAMDR,Second,True,0.39,0.0,False,SE
SE_40,Q96N67-3_K922,DOCK7,Q96N67,Q96N67-3,Alternative,K,922,Ubiquitination,DDEVRSIIGSkAMDRSCNRMS,1.0,0.0,0.0,PhosphoSitePlus,1.0,SIIGSkGLDRS,SIIGSkAMDRS,Second,True,0.39,0.0,False,SE
SE_41,Q86X29-1_Y309,LSR,Q86X29,Q86X29-1,Canonical,Y,309,Phosphorylation,PDKCCCPEALyAAGKAATSGV,6.0,32.0,0.0,PhosphoSitePlus;Phospho.ELM;HPRD;ProteomeScout;dbPTM,5.0,CPEALyAAGKA,LIVLVyAAGKA,Second,True,0.308,0.0,False,SE
SE_41,Q86X29-1_K313,LSR,Q86X29,Q86X29-1,Canonical,K,313,Ubiquitination,CCPEALYAAGkAATSGVPSIY,0.0,1.0,0.0,PhosphoSitePlus;ProteomeScout,2.0,LYAAGkAATSG,VYAAGkAATSG,Second,True,0.308,0.0,False,SE
SE_42,Q14160-1_T730,SCRIB,Q14160,Q14160-1,Canonical,T,730,Phosphorylation,ARIEEEELTLtILRQTGGLGI,0.0,1.0,0.0,PhosphoSitePlus;ProteomeScout,2.0,EELTLtILRQT,VKLTLtILRQT,First,True,0.395,0.0,False,SE
SE_42,Q14160-1_T728,SCRIB,Q14160,Q14160-1,Canonical,T,728,Phosphorylation,EPARIEEEELtLTILRQTGGL,0.0,1.0,0.0,PhosphoSitePlus;ProteomeScout,2.0,EEEELtLTILR,PSVKLtLTILR,First,True,0.395,0.0,False,SE
SE_42,Q14160-1_S703,SCRIB,Q14160,Q14160-1,Canonical,S,703,Phosphorylation,DKEGAVVSAPsVKGVSFDQAN,4.0,2.0,0.0,PhosphoSitePlus;ProteomeScout,2.0,VVSAPsVKGVS,VVSAPsVKLTL,Second,True,0.395,0.0,False,SE
SE_42,Q14160-1_K705,SCRIB,Q14160,Q14160-1,Canonical,K,705,Ubiquitination,EGAVVSAPSVkGVSFDQANNL,1.0,0.0,0.0,PhosphoSitePlus,1.0,SAPSVkGVSFD,SAPSVkLTLTI,Second,True,0.395,0.0,False,SE
SE_46,Q6WCQ1-2_S1014;Q6WCQ1-1_S1014,MPRIP,Q6WCQ1,Q6WCQ1-1,Canonical,S,1014,Phosphorylation,CVTRQLRNIRsKSVIEQVSWD,4.0,3.0,0.0,PhosphoSitePlus;UniProt;ProteomeScout,3.0,LRNIRsKSVIE,LRNIRsKSLKE,First,True,0.19,1.28349340612e-12,False,SE
SE_46,Q6WCQ1-2_S1016,MPRIP,Q6WCQ1,Q6WCQ1-2,Alternative,S,1016,Phosphorylation,TRQLRNIRSKsLKEGLTVQER,11.0,15.0,0.0,PhosphoSitePlus;ProteomeScout,2.0,RPMQEsLKEGL,NIRSKsLKEGL,Second,True,0.19,1.28349340612e-12,False,SE
SE_48,Q6ZNJ1-1_K344,NBEAL2,Q6ZNJ1,Q6ZNJ1-1,Canonical,K,344,Ubiquitination,EHLTRLIQNSkLYLQSRAPPE,1.0,0.0,0.0,PhosphoSitePlus,1.0,LIQNSkLYLQS,LIQNSkVLDQD,First,True,-0.314,2.15443536028e-12,False,SE
SE_49,Q9H1H9-1_S1529;Q9H1H9-2_S1494,KIF13A,Q9H1H9,Q9H1H9-1,Canonical,S,1529,Phosphorylation,HNSKREKKIDsEEEENELEAI,13.0,0.0,0.0,PhosphoSitePlus;UniProt;dbPTM;ProteomeScout,4.0,EKKIDsEEEEN,LSQEDsEEEEN,First,True,-0.425,2.71458855395e-12,False,SE
SE_49,Q9H1H9-1_S1490,KIF13A,Q9H1H9,Q9H1H9-1,Canonical,S,1490,Phosphorylation,RIALEARPLLsQESMPPPQAH,,,,UniProt;ProteomeScout,2.0,ARPLLsQESMP,ARPLLsQEDSE,Second,True,-0.425,2.71458855395e-12,False,SE
SE_51,O43663-1_K602,PRC1,O43663,O43663-1,Canonical,K,602,Ubiquitination,STVGLQRELSkASKSDATSGI,1.0,0.0,0.0,PhosphoSitePlus;dbPTM;ProteomeScout,3.0,QRELSkASKSD,ARELSkASKSD,First,True,0.236,3.50924375029e-11,False,SE
SE_51,O43663-1_S601,PRC1,O43663,O43663-1,Canonical,S,601,Phosphorylation,SSTVGLQRELsKASKSDATSG,,,,dbPTM;ProteomeScout,2.0,LQRELsKASKS,FARELsKASKS,First,True,0.236,3.50924375029e-11,False,SE
SE_51,O43663-1_S580,PRC1,O43663,O43663-1,Canonical,S,580,Phosphorylation,FSINSVASTYsEFAKDPSLSD,,,,dbPTM;ProteomeScout,2.0,VASTYsEFAKD,VASTYsEFARE,Second,True,0.236,3.50924375029e-11,False,SE
SE_51,O43663-1_Y579,PRC1,O43663,O43663-1,Canonical,Y,579,Phosphorylation,NFSINSVASTySEFAKDPSLS,,,,dbPTM;ProteomeScout,2.0,SVASTySEFAK,SVASTySEFAR,Second,True,0.236,3.50924375029e-11,False,SE
SE_53,P10586-1_T816,PTPRF,P10586,P10586-1,Canonical,T,816,Phosphorylation,GARSKPKIVTtTGAVPGRPTM,0.0,1.0,0.0,PhosphoSitePlus;ProteomeScout,2.0,PKIVTtTGAVP,PKIVTtTGAVF,First,True,-0.059,5.9765632772e-11,False,SE
SE_53,P10586-1_T817,PTPRF,P10586,P10586-1,Canonical,T,817,Phosphorylation,ARSKPKIVTTtGAVPGRPTMM,0.0,1.0,0.0,PhosphoSitePlus;ProteomeScout,2.0,KIVTTtGAVPG,KIVTTtGAVFA,First,True,-0.059,5.9765632772e-11,False,SE
SE_57,P35240-1_K579,NF2,P35240,P35240-1,Canonical,K,579,Ubiquitination,GGSSKHNTIKkLTLQSAKSRV,1.0,0.0,0.0,PhosphoSitePlus,1.0,HNTIKkPQAQG,HNTIKkLTLQS,First,True,-0.188,6.00771729299e-10,False,SE
SE_57,P35240-1_T581,NF2,P35240,P35240-1,Canonical,T,581,Phosphorylation,SSKHNTIKKLtLQSAKSRVAF,9.0,3.0,1.0,PhosphoSitePlus;ProteomeScout,2.0,*ALKLtLQSAK,TIKKLtLQSAK,Second,True,-0.188,6.00771729299e-10,True,SE
SE_58,P13688-1_T457;P13688-8_T457,CEACAM1,P13688,P13688-1,Canonical,T,457,Phosphorylation,ALACFLHFGKtGRASDQRDLT,0.0,0.0,2.0,PhosphoSitePlus;dbPTM;ProteomeScout,3.0,LHFGKtGRASD,LHFGKtGSSGP,Second,True,0.525,1.73943268451e-09,False,SE
SE_59,Q14160-1_T730,SCRIB,Q14160,Q14160-1,Canonical,T,730,Phosphorylation,ARIEEEELTLtILRQTGGLGI,0.0,1.0,0.0,PhosphoSitePlus;ProteomeScout,2.0,EELTLtILRQT,QELTLtILRQT,First,True,0.334,2.09852776267e-09,False,SE
SE_59,Q14160-1_T728,SCRIB,Q14160,Q14160-1,Canonical,T,728,Phosphorylation,EPARIEEEELtLTILRQTGGL,0.0,1.0,0.0,PhosphoSitePlus;ProteomeScout,2.0,EEEELtLTILR,DYQELtLTILR,First,True,0.334,2.09852776267e-09,False,SE
SE_59,Q14160-1_Y564,SCRIB,Q14160,Q14160-1,Canonical,Y,564,Phosphorylation,AGGEEDAEEDyQEPTVHFAED,1.0,1.0,0.0,PhosphoSitePlus;dbPTM;ProteomeScout,3.0,DAEEDyQEGVS,DAEEDyQELTL,Second,True,0.334,2.09852776267e-09,False,SE
SE_61,P60660-2_Y141,MYL6,P60660,P60660-2,Alternative,Y,141,Phosphorylation,GHEDSNGCINyEELVRMVLNG,0.0,1.0,0.0,PhosphoSitePlus;ProteomeScout,2.0,NGCINyEAFVR,NGCINyEELVR,First,True,-0.116,7.75275301841e-09,False,SE
SE_63,Q9ULT0-1_K172,TTC7A,Q9ULT0,Q9ULT0-1,Canonical,K,172,Ubiquitination,MRLLSEAFVIkGLSLERLPNS,2.0,0.0,0.0,PhosphoSitePlus;dbPTM;ProteomeScout,3.0,EAFVIkACLRL,EAFVIkGLSLE,First,True,0.137,1.07318148014e-08,False,SE
SE_66,O60716-1_S8,CTNND1,O60716,O60716-1,Canonical,S,8,Phosphorylation,   MDDSEVEsTASILASVKE,,,,ProteomeScout,1.0,LTEVEsTASIL,I*EVEsTASIL,Second,True,0.369,2.79458563289e-08,True,SE
SE_68,P15529-1_K375,CD46,P15529,P15529-1,Canonical,K,375,Ubiquitination,PYRYLQRRKKkGTYLTDETHR,5.0,3.0,0.0,PhosphoSitePlus;ProteomeScout,2.0,QRRKKkGTYLT,QRRKKkGKADG,First,True,0.132,4.01541632907e-08,False,SE
SE_68,P15529-2_K377;P15529-4_K347;P15529-16_K314,CD46,P15529,P15529-2,Alternative,K,377,Ubiquitination,RYLQRRKKKGkADGGAEYATY,6.0,0.0,0.0,PhosphoSitePlus;ProteomeScout,2.0,FIIKRkADGGA,RKKKGkADGGA,Second,True,0.132,4.01541632907e-08,False,SE
SE_70,P35240-1_K579,NF2,P35240,P35240-1,Canonical,K,579,Ubiquitination,GGSSKHNTIKkLTLQSAKSRV,1.0,0.0,0.0,PhosphoSitePlus,1.0,HNTIKkPQAQG,HNTIKkLTLQS,First,True,-0.382,8.96855027489e-08,False,SE
SE_70,P35240-1_T581,NF2,P35240,P35240-1,Canonical,T,581,Phosphorylation,SSKHNTIKKLtLQSAKSRVAF,9.0,3.0,1.0,PhosphoSitePlus;ProteomeScout,2.0,GCSQLtLQSAK,TIKKLtLQSAK,Second,True,-0.382,8.96855027489e-08,False,SE
SE_75,P16070-1_S305,CD44,P16070,P16070-1,Canonical,S,305,Phosphorylation,SGIDDDEDFIsSTISTTPRAF,,,,dbPTM;ProteomeScout,2.0,DEDFIsSTTAS,DEDFIsSTNMD,First,True,-0.36,2.52373690538e-07,False,SE
SE_76,Q9NNX1-1_T50,TUFT1,Q9NNX1,Q9NNX1-1,Canonical,T,50,Phosphorylation,EHIAQKAGRKtYAMVSSHSAG,0.0,1.0,0.0,PhosphoSitePlus;ProteomeScout,2.0,KAGRKtYAMVS,AAGRKtYAMVS,Second,True,-0.326,3.01442719876e-07,False,SE
SE_79,Q8N8S7-1_S537,ENAH,Q8N8S7,Q8N8S7-1,Canonical,S,537,Phosphorylation,RSYDSLHRPKsTPLSQPSANG,2.0,0.0,0.0,ProteomeScout,1.0,LHRPKsTPLSQ,ISRPKsTPLSQ,First,True,-0.248,4.0095340102e-07,False,SE
SE_79,Q8N8S7-1_K536,ENAH,Q8N8S7,Q8N8S7-1,Canonical,K,536,Ubiquitination,NRSYDSLHRPkSTPLSQPSAN,1.0,0.0,0.0,PhosphoSitePlus,1.0,SLHRPkSTPLS,VISRPkSTPLS,First,True,-0.248,4.0095340102e-07,False,SE
SE_79,Q8N8S7-1_T538,ENAH,Q8N8S7,Q8N8S7-1,Canonical,T,538,Phosphorylation,SYDSLHRPKStPLSQPSANGV,,,,HPRD;dbPTM;ProteomeScout;Phospho.ELM,4.0,HRPKStPLSQP,SRPKStPLSQP,First,True,-0.248,4.0095340102e-07,False,SE
SE_79,Q8N8S7-2_S512;Q8N8S7-1_S512,ENAH,Q8N8S7,Q8N8S7-1,Canonical,S,512,Phosphorylation,TMNGSKSPVIsRRDSPRKNQI,1.0,2.0,0.0,PhosphoSitePlus;dbPTM;ProteomeScout,3.0,KSPVIsRRDSP,KSPVIsRPKST,Second,True,-0.248,4.0095340102e-07,False,SE
SE_83,Q08AE8-1_Y551,SPIRE1,Q08AE8,Q08AE8-1,Canonical,Y,551,Phosphorylation,QSSRSLEEFCyPVECLALTVE,,,,dbPTM;ProteomeScout,2.0,KEEFCyPVECL,LEEFCyPVECL,First,True,-0.217,7.84906852803e-07,False,SE
SE_83,Q08AE8-1_S545,SPIRE1,Q08AE8,Q08AE8-1,Canonical,S,545,Phosphorylation,FLPPSRQSSRsLEEFCYPVEC,2.0,0.0,0.0,PhosphoSitePlus;ProteomeScout,2.0,RQSSRsLVPRI,RQSSRsLEEFC,Second,True,-0.217,7.84906852803e-07,False,SE
SE_86,Q99447-1_K179,PCYT2,Q99447,Q99447-1,Canonical,K,179,Ubiquitination,EYREYADSFGkCPGGRNPWTG,3.0,0.0,0.0,PhosphoSitePlus;ProteomeScout,2.0,ADSFGkPPHPI,ADSFGkCPGGR,Second,True,-0.372,3.05344842431e-06,False,SE
SE_86,Q99447-1_S176,PCYT2,Q99447,Q99447-1,Canonical,S,176,Phosphorylation,MSSEYREYADsFGKCPGGRNP,0.0,1.0,0.0,PhosphoSitePlus;ProteomeScout,2.0,REYADsFGKPP,REYADsFGKCP,Second,True,-0.372,3.05344842431e-06,False,SE
SE_88,O43663-1_K602,PRC1,O43663,O43663-1,Canonical,K,602,Ubiquitination,STVGLQRELSkASKSDATSGI,1.0,0.0,0.0,PhosphoSitePlus;dbPTM;ProteomeScout,3.0,QRELSkASKSD,VRELSkASKSD,First,True,0.219,5.24254024868e-06,False,SE
SE_88,O43663-1_S601,PRC1,O43663,O43663-1,Canonical,S,601,Phosphorylation,SSTVGLQRELsKASKSDATSG,,,,dbPTM;ProteomeScout,2.0,LQRELsKASKS,*VRELsKASKS,First,True,0.219,5.24254024868e-06,True,SE
SE_88,O43663-1_S557,PRC1,O43663,O43663-1,Canonical,S,557,Phosphorylation,ENLELNGSILsGGYPGSAPLQ,5.0,0.0,0.0,PhosphoSitePlus;ProteomeScout,2.0,NGSILsEGSVP,NGSILsARTFK,Second,True,0.219,5.24254024868e-06,False,SE
SE_88,O43663-1_S554;O43663-3_S513,PRC1,O43663,O43663-1,Canonical,S,554,Phosphorylation,ANKENLELNGsILSGGYPGSA,8.0,1.0,0.0,PhosphoSitePlus;dbPTM;ProteomeScout,3.0,LELNGsILSEG,LELNGsILSAR,Second,True,0.219,5.24254024868e-06,False,SE
SE_90,Q9NR56-1_T265,MBNL1,Q9NR56,Q9NR56-1,Canonical,T,265,Phosphorylation,NQAAAAQAAAtAAAMTQSAVK,0.0,1.0,0.0,PhosphoSitePlus;ProteomeScout,2.0,AQAAAtAAAMT,AQAAAtAAAMG,First,True,-0.173,8.68094097376e-06,False,SE
SE_91,Q07157-2_Y923,TJP1,Q07157,Q07157-2,Alternative,Y,923,Phosphorylation,PGFKPASQQVyRKDPYPEEMM,1.0,8.0,0.0,PhosphoSitePlus;ProteomeScout,2.0,DPTKVyRKDPY,ASQQVyRKDPY,First,True,0.156,8.7916354149e-06,False,SE
SE_91,Q07157-1_S919,TJP1,Q07157,Q07157-1,Canonical,S,919,Phosphorylation,RIDSPGFKPAsQQKAEASSPV,2.0,2.0,0.0,PhosphoSitePlus;ProteomeScout,2.0,GFKPAsQQKAE,GFKPAsQQVYR,Second,True,0.156,8.7916354149e-06,False,SE
SE_93,Q8IZP0-1_S392,ABI1,Q8IZP0,Q8IZP0-1,Canonical,S,392,Phosphorylation,VARVQENIADsPTPPPPPPPD,1.0,0.0,1.0,PhosphoSitePlus;dbPTM;ProteomeScout,3.0,ENIADsPTPPP,NSIADsPTPPP,First,True,0.213,1.25888507528e-05,False,SE
SE_96,P83876-1_K51,TXNL4A,P83876,P83876-1,Canonical,K,51,Ubiquitination,MDEVLYSIAEkVKNFAVIYLV,2.0,0.0,0.0,ProteomeScout,1.0,YSIAEkLP*RL,YSIAEkEQAHH,Second,True,-0.272,3.21555129836e-05,True,SE
SE_96,P83876-1_S47,TXNL4A,P83876,P83876-1,Canonical,S,47,Phosphorylation,TCMKMDEVLYsIAEKVKNFAV,1.0,0.0,0.0,PhosphoSitePlus;ProteomeScout,2.0,DEVLYsIAEKL,DEVLYsIAEKE,Second,True,-0.272,3.21555129836e-05,False,SE
SE_97,Q8TED4-1_K499,SLC37A2,Q8TED4,Q8TED4-1,Canonical,K,499,Ubiquitination,KVSLSRGSGYkEI        ,0.0,5.0,0.0,PhosphoSitePlus;ProteomeScout,2.0,P*LLYkEI*GP,RGSGYkEI*GP,Second,True,-0.723,3.25823723092e-05,True,SE
SE_99,P49815-1_S946,TSC2,P49815,P49815-1,Canonical,S,946,Phosphorylation,RSTSLNERPKsLRIARPPKQG,0.0,1.0,0.0,PhosphoSitePlus;ProteomeScout,2.0,NERPKsLRIAR,NERPKsRIQTS,First,True,-0.219,4.18472157275e-05,False,SE
SE_99,P49815-2_K945,TSC2,P49815,P49815-2,Alternative,K,945,Ubiquitination,ARSTSLNERPkSRIQTSLTSA,1.0,0.0,0.0,PhosphoSitePlus,1.0,LNERPkSLRIA,LNERPkSRIQT,First,True,-0.219,4.18472157275e-05,False,SE
SE_100,P56181-2_S53,NDUFV3,P56181,P56181-2,Alternative,S,53,Phosphorylation,KGQPQNSKKQsPPKNVVEPKE,2.0,0.0,0.0,PhosphoSitePlus;ProteomeScout,2.0,NSKKQsPPKNV,NSKKQsPPKKP,First,True,0.094,5.93777417652e-05,False,SE
SE_102,P35240-1_K579,NF2,P35240,P35240-1,Canonical,K,579,Ubiquitination,GGSSKHNTIKkLTLQSAKSRV,1.0,0.0,0.0,PhosphoSitePlus,1.0,HNTIKkGMFLF,HNTIKkLTLQS,First,True,-0.38,7.10555370355e-05,False,SE
SE_102,P35240-1_T581,NF2,P35240,P35240-1,Canonical,T,581,Phosphorylation,SSKHNTIKKLtLQSAKSRVAF,9.0,3.0,1.0,PhosphoSitePlus;ProteomeScout,2.0,*ALKLtLQSAK,TIKKLtLQSAK,Second,True,-0.38,7.10555370355e-05,True,SE
SE_104,Q9UQB8-5_S509,BAIAP2,Q9UQB8,Q9UQB8-5,Alternative,S,509,Phosphorylation,SQGLDDYGARsMSSADVEVAR,8.0,0.0,0.0,PhosphoSitePlus;ProteomeScout,2.0,DYGARsMSSAD,DYGARsMSRNP,First,True,-0.34,7.16514911836e-05,False,SE
SE_104,Q9UQB8-5_S511,BAIAP2,Q9UQB8,Q9UQB8-5,Alternative,S,511,Phosphorylation,GLDDYGARSMsSADVEVARF ,4.0,0.0,0.0,ProteomeScout,1.0,GARSMsSADVE,GARSMsRNPFA,First,True,-0.34,7.16514911836e-05,False,SE
SE_105,Q6RW13-1_S126,AGTRAP,Q6RW13,Q6RW13-1,Canonical,S,126,Phosphorylation,ELLVHTGFLGsSQDRSAYQTI,1.0,0.0,0.0,PhosphoSitePlus;UniProt;ProteomeScout,3.0,GGFLGsSQDRS,HGFLGsSQDRS,Second,True,0.073,8.86527157995e-05,False,SE
SE_109,Q13813-1_Y1073;Q13813-3_Y1053,SPTAN1,Q13813,Q13813-1,Canonical,Y,1073,Phosphorylation,SLRMKQVEELyHSLLELGEKR,4.0,25.0,1.0,PhosphoSitePlus;HPRD;dbPTM;ProteomeScout,4.0,QVEELyHSLLE,QIDNQyHSLLE,Second,True,-0.064,0.000139885703868,False,SE
SE_109,Q13813-1_S1075,SPTAN1,Q13813,Q13813-1,Canonical,S,1075,Phosphorylation,RMKQVEELYHsLLELGEKRKG,2.0,0.0,0.0,HPRD;dbPTM;ProteomeScout,3.0,EELYHsLLELG,DNQYHsLLELG,Second,True,-0.064,0.000139885703868,False,SE
SE_114,Q8WWI1-3_T354,LMO7,Q8WWI1,Q8WWI1-3,Alternative,T,354,Phosphorylation,ASPVYTEADGtFSRLFQKIYG,1.0,0.0,0.0,PhosphoSitePlus;ProteomeScout,2.0,TEADGtFSRLF,TEADGtFSRSK,First,True,0.116,0.000185088366849,False,SE
SE_114,Q8WWI1-3_S356,LMO7,Q8WWI1,Q8WWI1-3,Alternative,S,356,Phosphorylation,PVYTEADGTFsRLFQKIYGEN,1.0,0.0,0.0,PhosphoSitePlus;ProteomeScout,2.0,ADGTFsRLFQK,ADGTFsRSKSM,First,True,0.116,0.000185088366849,False,SE
SE_114,Q8WWI1-3_S370,LMO7,Q8WWI1,Q8WWI1-3,Alternative,S,370,Phosphorylation,QKIYGENGSKsMSDVSAEDVQ,3.0,0.0,0.0,PhosphoSitePlus;HPRD;ProteomeScout,3.0,ENGSKsMSDVS,FSRSKsMSDVS,Second,True,0.116,0.000185088366849,False,SE
SE_115,Q6RW13-1_S126,AGTRAP,Q6RW13,Q6RW13-1,Canonical,S,126,Phosphorylation,ELLVHTGFLGsSQDRSAYQTI,1.0,0.0,0.0,PhosphoSitePlus;UniProt;ProteomeScout,3.0,TGFLGsSQDRS,HGFLGsSQDRS,Second,True,0.135,0.000185478567309,False,SE
SE_119,P16070-1_T222,CD44,P16070,P16070-1,Canonical,T,222,Phosphorylation,ITDSTDRIPAtTLMSTSATAT,0.0,1.0,0.0,PhosphoSitePlus;ProteomeScout,2.0,DRIPAtSTSSN,DRIPAtNMDSS,First,True,-0.127,0.000299894370815,False,SE
SE_123,P16070-1_T222,CD44,P16070,P16070-1,Canonical,T,222,Phosphorylation,ITDSTDRIPAtTLMSTSATAT,0.0,1.0,0.0,PhosphoSitePlus;ProteomeScout,2.0,DRIPAtKQSNS,DRIPAtRDQDT,First,True,-0.088,0.000660083944775,False,SE
SE_124,P16070-1_T222,CD44,P16070,P16070-1,Canonical,T,222,Phosphorylation,ITDSTDRIPAtTLMSTSATAT,0.0,1.0,0.0,PhosphoSitePlus;ProteomeScout,2.0,DRIPAtKQSNS,DRIPAtNRNDV,First,True,-0.104,0.000668653300271,False,SE
SE_128,Q16222-1_K472,UAP1,Q16222,Q16222-1,Canonical,K,472,Acetylation,TITADVNHNLkDANDVPIQCE,0.0,1.0,0.0,PhosphoSitePlus;ProteomeScout,2.0,VNHNLkDANDV,AIPRLkDANDV,Second,True,-0.139,0.000895542396475,False,SE
SE_128,Q16222-1_K472,UAP1,Q16222,Q16222-1,Canonical,K,472,Ubiquitination,TITADVNHNLkDANDVPIQCE,1.0,0.0,0.0,PhosphoSitePlus,1.0,VNHNLkDANDV,AIPRLkDANDV,Second,True,-0.139,0.000895542396475,False,SE
SE_129,Q8N3D4-1_S430,EHBP1L1,Q8N3D4,Q8N3D4-1,Canonical,S,430,Phosphorylation,AVCQVDAEQRsKVRHVDTKGP,1.0,0.0,0.0,PhosphoSitePlus;UniProt;ProteomeScout,3.0,DAEQRsKAQEA,DAEQRsKAPPA,First,True,-0.12,0.00138537668437,False,SE
SE_131,Q9H8M2-5_K513,BRD9,Q9H8M2,Q9H8M2-5,Canonical,K,513,Ubiquitination,SMLSSLGKVKkELDPDDSHLN,1.0,0.0,0.0,PhosphoSitePlus,1.0,PGKVKkELDPD,*GKVKkELDPD,First,True,-0.177,0.00218250542709,True,SE
SE_132,Q9NV70-1_K441,EXOC1,Q9NV70,Q9NV70-1,Canonical,K,441,Ubiquitination,IKMTGTTKESkKFATLPRKES,0.0,1.0,0.0,PhosphoSitePlus;ProteomeScout,2.0,TTKESkKFATL,TTKESkKFGLH,First,True,-0.189,0.00303184199789,False,SE
SE_132,Q9NV70-1_S463;Q9NV70-2_S448,EXOC1,Q9NV70,Q9NV70-1,Canonical,S,463,Phosphorylation,VKQETESLHGsSGKLTGSTSS,3.0,0.0,0.0,ProteomeScout,1.0,ESLHGsSGKLT,FGLHGsSGKLT,Second,True,-0.189,0.00303184199789,False,SE
SE_132,Q9NV70-2_S449,EXOC1,Q9NV70,Q9NV70-2,Alternative,S,449,Phosphorylation,ESKKFGLHGSsGKLTGSTSSL,4.0,0.0,0.0,PhosphoSitePlus;HPRD;ProteomeScout,3.0,SLHGSsGKLTG,GLHGSsGKLTG,Second,True,-0.189,0.00303184199789,False,SE
SE_133,Q7Z403-1_K409,TMC6,Q7Z403,Q7Z403-1,Canonical,K,409,Ubiquitination,LQQDNIRTRLkELLAEWQLRH,3.0,1.0,0.0,PhosphoSitePlus;dbPTM;ProteomeScout,3.0,IRTRLkELLAE,IRTRLkSPEAA,Second,True,0.078,0.0033956335362,False,SE
SE_133,Q7Z403-1_T406,TMC6,Q7Z403,Q7Z403-1,Canonical,T,406,Phosphorylation,ASRLQQDNIRtRLKELLAEWQ,0.0,1.0,0.0,PhosphoSitePlus;ProteomeScout,2.0,QDNIRtRLKEL,QDNIRtRLKSP,Second,True,0.078,0.0033956335362,False,SE
SE_134,P42167-2_K225;P42167-1_K334,TMPO,P42167,P42167-1,Canonical,K,334,Acetylation,KPLTRAEVGEkTEERRVERDI,0.0,2.0,0.0,PhosphoSitePlus;ProteomeScout,2.0,AEVGEkTEERR,NQVGEkTEERR,Second,True,-0.095,0.00357667112572,False,SE
SE_134,P42167-2_K225;P42167-1_K334,TMPO,P42167,P42167-1,Canonical,K,334,Ubiquitination,KPLTRAEVGEkTEERRVERDI,4.0,25.0,0.0,PhosphoSitePlus;dbPTM;ProteomeScout,3.0,AEVGEkTEERR,NQVGEkTEERR,Second,True,-0.095,0.00357667112572,False,SE
SE_134,P42167-1_T335;P42167-2_T226,TMPO,P42167,P42167-1,Canonical,T,335,Phosphorylation,PLTRAEVGEKtEERRVERDIL,3.0,0.0,0.0,PhosphoSitePlus;ProteomeScout,2.0,EVGEKtEERRV,QVGEKtEERRV,Second,True,-0.095,0.00357667112572,False,SE
SE_135,Q3B7T1-1_K301,C10orf137,Q3B7T1,Q3B7T1-1,Canonical,K,301,Ubiquitination,FNDGEHSQGLkNDFVRNILWT,1.0,0.0,0.0,PhosphoSitePlus;dbPTM;ProteomeScout,3.0,HSQGLkNDFVR,SSQGLkNDFVR,Second,True,-0.271,0.00384033064132,False,SE
SE_139,P30622-2_T459,CLIP1,P30622,P30622-2,Alternative,T,459,Phosphorylation,SITKGDLEVAtVSEKSRIMEL,2.0,0.0,0.0,PhosphoSitePlus;ProteomeScout,2.0,DTRVAtVSEKS,DLEVAtVSEKS,First,True,0.058,0.00427500951884,False,SE
SE_140,P16070-1_T222,CD44,P16070,P16070-1,Canonical,T,222,Phosphorylation,ITDSTDRIPAtTLMSTSATAT,0.0,1.0,0.0,PhosphoSitePlus;ProteomeScout,2.0,DRIPAtTLMST,DRIPAtNMDSS,First,True,-0.063,0.00513746329616,False,SE
SE_146,Q9BUM1-1_R138,G6PC3,Q9BUM1,Q9BUM1-1,Canonical,R,138,Methylation,ALSSQVATRArSRWVRVMPSL,0.0,1.0,0.0,PhosphoSitePlus;ProteomeScout,2.0,VATRArSRWVR,VATRArRRCPG,First,True,0.121,0.00788070086659,False,SE
SE_147,Q13129-1_K205,RLF,Q13129,Q13129-1,Canonical,K,205,Ubiquitination,QQPVETEEVNkLIAQEGPSFL,1.0,0.0,0.0,PhosphoSitePlus,1.0,GILVNkLIAQE,TEEVNkLIAQE,Second,True,-0.114,0.00815169175834,False,SE
SE_148,Q15149-1_T2615,PLEC,Q15149,Q15149-1,Canonical,T,2615,Phosphorylation,LLQLKSEEMQtVQQEQLLQET,0.0,1.0,0.0,PhosphoSitePlus;ProteomeScout,2.0,SEEMQtVQQEQ,EEEMQtVQQEQ,First,True,-0.075,0.00839017187432,False,SE
SE_149,Q10567-3_K919;Q10567-4_K899,AP1B1,Q10567,Q10567-3,Alternative,K,919,Ubiquitination,PGNPSCTLSLkCRAPEVSQHV,2.0,0.0,0.0,PhosphoSitePlus,1.0,LELSLkCRAPE,CTLSLkCRAPE,First,True,0.36,0.00860368620819,False,SE
SE_153,Q86X29-1_Y309,LSR,Q86X29,Q86X29-1,Canonical,Y,309,Phosphorylation,PDKCCCPEALyAAGKAATSGV,6.0,32.0,0.0,PhosphoSitePlus;Phospho.ELM;HPRD;ProteomeScout;dbPTM,5.0,CPEALyAAGKA,GPIEVyAAGKA,Second,True,0.068,0.0111190652523,False,SE
SE_153,Q86X29-1_K313,LSR,Q86X29,Q86X29-1,Canonical,K,313,Ubiquitination,CCPEALYAAGkAATSGVPSIY,0.0,1.0,0.0,PhosphoSitePlus;ProteomeScout,2.0,LYAAGkAATSG,VYAAGkAATSG,Second,True,0.068,0.0111190652523,False,SE
SE_155,P49757-2_T367,NUMB,P49757,P49757-2,Alternative,T,367,Phosphorylation,VAPQSPTFQGtEWGQSSGAAS,1.0,1.0,0.0,PhosphoSitePlus;ProteomeScout,2.0,ATCSGtEWGQS,PTFQGtEWGQS,First,True,-0.124,0.0198570867172,False,SE
SE_155,P49757-2_T363,NUMB,P49757,P49757-2,Alternative,T,363,Phosphorylation,PVTVVAPQSPtFQGTEWGQSS,1.0,1.0,0.0,PhosphoSitePlus;ProteomeScout,2.0,APQSPtFQANG,APQSPtFQGTE,Second,True,-0.124,0.0198570867172,False,SE
SE_158,O95297-1_Y200;O95297-3_Y200,MPZL1,O95297,O95297-1,Canonical,Y,200,Phosphorylation,LYRRKNSKRDyTGCSTSESLS,4.0,24.0,0.0,PhosphoSitePlus;dbPTM;ProteomeScout;Phospho.ELM,4.0,NSKRDyTGCST,NSKRDyTGAQS,First,True,-0.061,0.0209813958148,False,SE
SE_158,O95297-1_T201,MPZL1,O95297,O95297-1,Canonical,T,201,Phosphorylation,YRRKNSKRDYtGCSTSESLSP,2.0,0.0,0.0,ProteomeScout,1.0,SKRDYtGCSTS,SKRDYtGAQSY,First,True,-0.061,0.0209813958148,False,SE
SE_158,O95297-3_S205,MPZL1,O95297,O95297-3,Alternative,S,205,Phosphorylation,NSKRDYTGAQsYMHS      ,3.0,2.0,0.0,PhosphoSitePlus;ProteomeScout,2.0,LTRAQsYMHS*,YTGAQsYMHS*,Second,True,-0.061,0.0209813958148,True,SE
SE_158,O95297-3_Y206,MPZL1,O95297,O95297-3,Alternative,Y,206,Phosphorylation,SKRDYTGAQSyMHS       ,2.0,17.0,0.0,PhosphoSitePlus;ProteomeScout,2.0,TRAQSyMHS*T,TGAQSyMHS*T,Second,True,-0.061,0.0209813958148,True,SE
SE_158,O95297-1_Y241,MPZL1,O95297,O95297-1,Canonical,Y,241,Phosphorylation,PSGSHQGPVIyAQLDHSGGHH,19.0,387.0,1.0,PhosphoSitePlus;Phospho.ELM;HPRD;UniProt;ProteomeScout;dbPTM,6.0,QGPVIyAQLDH,WGPVIyAQLDH,Second,True,-0.061,0.0209813958148,False,SE
SE_159,P42167-2_K225;P42167-1_K334,TMPO,P42167,P42167-1,Canonical,K,334,Acetylation,KPLTRAEVGEkTEERRVERDI,0.0,2.0,0.0,PhosphoSitePlus;ProteomeScout,2.0,SLVGEkTEERR,NQVGEkTEERR,Second,True,-0.196,0.0209813958148,False,SE
SE_159,P42167-2_K225;P42167-1_K334,TMPO,P42167,P42167-1,Canonical,K,334,Ubiquitination,KPLTRAEVGEkTEERRVERDI,4.0,25.0,0.0,PhosphoSitePlus;dbPTM;ProteomeScout,3.0,SLVGEkTEERR,NQVGEkTEERR,Second,True,-0.196,0.0209813958148,False,SE
SE_159,P42167-1_T335;P42167-2_T226,TMPO,P42167,P42167-1,Canonical,T,335,Phosphorylation,PLTRAEVGEKtEERRVERDIL,3.0,0.0,0.0,PhosphoSitePlus;ProteomeScout,2.0,LVGEKtEERRV,QVGEKtEERRV,Second,True,-0.196,0.0209813958148,False,SE
SE_161,O43318-1_T403,MAP3K7,O43318,O43318-1,Canonical,T,403,Phosphorylation,SEIEARIAATtAYSKPKRGHR,,,,HPRD;dbPTM;ProteomeScout,3.0,RIAATtAYSKP,RIAATtGNGQP,Second,True,-0.257,0.0229646836607,False,SE
SE_163,Q7KZI7-1_K641,MARK2,Q7KZI7,Q7KZI7-1,Canonical,K,641,Ubiquitination,SGSIFSKFTSkFVRRNLSFRF,1.0,0.0,0.0,PhosphoSitePlus,1.0,SKFTSkFVRRN,SKFTSkFVRRP,First,True,-0.452,0.0252377014491,False,SE
SE_166,O43663-1_S580,PRC1,O43663,O43663-1,Canonical,S,580,Phosphorylation,FSINSVASTYsEFAKDPSLSD,,,,dbPTM;ProteomeScout,2.0,VASTYsEFAKD,VASTYsEFADS,Second,True,0.203,0.0330240714063,False,SE
SE_166,O43663-1_Y579,PRC1,O43663,O43663-1,Canonical,Y,579,Phosphorylation,NFSINSVASTySEFAKDPSLS,,,,dbPTM;ProteomeScout,2.0,SVASTySEFAK,SVASTySEFAD,Second,True,0.203,0.0330240714063,False,SE
SE_168,Q9BQ69-1_Y321,MACROD1,Q9BQ69,Q9BQ69-1,Canonical,Y,321,Phosphorylation,EDIYRSRLPHyFPVA      ,,,,ProteomeScout,1.0,SRLPHyFPVA*,SRLPHyFPVDP,Second,True,-0.088,0.034524985452,True,SE
SE_170,O94979-1_K503,SEC31A,O94979,O94979-1,Canonical,K,503,Ubiquitination,LGYRKEDLGKkIALALNKVDG,1.0,0.0,0.0,PhosphoSitePlus,1.0,EDLGKkALKDS,EDLGKkHIKEE,Second,True,0.167,0.0352135920968,False,SE
SE_171,P55899-1_S334,FCGRT,P55899,P55899-1,Canonical,S,334,Phosphorylation,MRSGLPAPWIsLRGDDTGVLL,1.0,2.0,0.0,PhosphoSitePlus;UniProt;ProteomeScout,3.0,PAPWIsLRGDD,LAPWIsLRGDD,Second,True,0.091,0.0352135920968,False,SE
SE_172,Q14247-3_S261;Q14247-2_S261;Q14247-1_S261,CTTN,Q14247,Q14247-1,Canonical,S,261,Phosphorylation,DHQEKLQLHEsQKDYKTGFGG,18.0,3.0,1.0,PhosphoSitePlus;HPRD;UniProt;ProteomeScout;dbPTM,5.0,LQLHEsQKDYK,LQLHEsQKDYS,First,True,0.09,0.0355211287599,False,SE
SE_172,Q14247-1_K263,CTTN,Q14247,Q14247-1,Canonical,K,263,Ubiquitination,QEKLQLHESQkDYKTGFGGKF,1.0,0.0,0.0,PhosphoSitePlus,1.0,LHESQkDYKTG,LHESQkDYSKG,First,True,0.09,0.0355211287599,False,SE
SE_172,Q14247-3_Y265;Q14247-1_Y302,CTTN,Q14247,Q14247-1,Canonical,Y,302,Phosphorylation,KLAKHESQQDySKGFGGKYGV,2.0,46.0,0.0,PhosphoSitePlus;dbPTM;ProteomeScout,3.0,ESQQDySKGFG,ESQKDySKGFG,Second,True,0.09,0.0355211287599,False,SE
SE_172,Q14247-1_S303;Q14247-3_S266,CTTN,Q14247,Q14247-1,Canonical,S,303,Phosphorylation,LAKHESQQDYsKGFGGKYGVQ,1.0,3.0,0.0,PhosphoSitePlus;dbPTM;ProteomeScout,3.0,SQQDYsKGFGG,SQKDYsKGFGG,Second,True,0.09,0.0355211287599,False,SE
SE_172,Q14247-1_K304,CTTN,Q14247,Q14247-1,Canonical,K,304,Acetylation,AKHESQQDYSkGFGGKYGVQK,1.0,0.0,0.0,PhosphoSitePlus;HPRD;UniProt;ProteomeScout;dbPTM,5.0,QQDYSkGFGGK,QKDYSkGFGGK,Second,True,0.09,0.0355211287599,False,SE
SE_172,Q14247-1_K304,CTTN,Q14247,Q14247-1,Canonical,K,304,Ubiquitination,AKHESQQDYSkGFGGKYGVQK,2.0,0.0,0.0,PhosphoSitePlus,1.0,QQDYSkGFGGK,QKDYSkGFGGK,Second,True,0.09,0.0355211287599,False,SE
SE_173,Q8WWI1-3_T354,LMO7,Q8WWI1,Q8WWI1-3,Alternative,T,354,Phosphorylation,ASPVYTEADGtFSRLFQKIYG,1.0,0.0,0.0,PhosphoSitePlus;ProteomeScout,2.0,TEADGtFSSNQ,TEADGtFSRSK,First,True,0.133,0.0357958050902,False,SE
SE_173,Q8WWI1-3_S356,LMO7,Q8WWI1,Q8WWI1-3,Alternative,S,356,Phosphorylation,PVYTEADGTFsRLFQKIYGEN,1.0,0.0,0.0,PhosphoSitePlus;ProteomeScout,2.0,ADGTFsSNQRR,ADGTFsRSKSM,First,True,0.133,0.0357958050902,False,SE
SE_173,Q8WWI1-3_S370,LMO7,Q8WWI1,Q8WWI1-3,Alternative,S,370,Phosphorylation,QKIYGENGSKsMSDVSAEDVQ,3.0,0.0,0.0,PhosphoSitePlus;HPRD;ProteomeScout,3.0,GFRSKsMSDVS,FSRSKsMSDVS,Second,True,0.133,0.0357958050902,False,SE
SE_174,Q9H8M2-5_K513,BRD9,Q9H8M2,Q9H8M2-5,Canonical,K,513,Ubiquitination,SMLSSLGKVKkELDPDDSHLN,1.0,0.0,0.0,PhosphoSitePlus,1.0,PGKVKkELDPD,LGKVKkELDPD,First,True,-0.087,0.0361457107738,False,SE
SE_176,P56945-1_Y306,BCAR1,P56945,P56945-1,Canonical,Y,306,Phosphorylation,GLPPSNHHAVyDVPPSVSKDV,13.0,148.0,2.0,PhosphoSitePlus;Phospho.ELM;HPRD;ProteomeScout;dbPTM,5.0,WGVWVyDVPPS,YGQEVyDVPPS,First,True,-0.07,0.0458775672499,False,SE
