Feedback_ID,ID,Department,Sentiment,Feedback
1,14,Operations,Positive,"Although the system is old and its documentation remains thorough, the outdated interface sometimes creates subtle moments of confusion and occasional frustration during peak hours."
2,15,Operations,Positive,"The step-by-step training guides for warehouse operations are mostly clear and effective; I often feel confident and even joyful when things click, although at times the dry tone leaves me wishing for more engaging details."
3,6,Operations,Negative,"Training sessions on inventory management software were rushed, leaving me overwhelmed and frustrated, yet a hint of understanding slowly emerges when a colleague explains an overlooked step."
4,6,Operations,Negative,"The VPN connection is unreliable and slows down workflows, which leads to mounting irritation and intermittent confusion especially when trying to access urgent files."
5,3,Finance,Positive,"Whenever I need help, I receive a prompt and friendly response that reassures me—sparking genuine delight—even though sometimes the quick fixes lack the depth I secretly wish for."
6,9,Customer Support,Positive,"The email filtering system does a great job overall, yet there are moments of subtle annoyance when important messages are misplaced, mixing satisfaction with a dash of irritation."
7,2,HR,Negative,"The HR software training felt rushed and the sparse explanations left me disoriented and frustrated; still, occasional flashes of insight provided some minor relief."
8,1,IT,Positive,"The IT onboarding training was comprehensive and left me feeling excited and well-prepared, though fleeting moments of uncertainty added an unexpected layer of introspection."
9,8,Sales,Negative,"The sales analytics platform is overly complex, evoking not only operational difficulties but also a blend of confusion, mild frustration, and rare sparks of hope when features finally make sense."
10,5,Operations,Positive,"Support has been consistently helpful with prompt, personalized assistance; while I mostly feel gratitude, there are intermittent moments of melancholy when minor issues remain unresolved."
11,13,Sales,Negative,"Our outdated sales tools are hindering progress, filling me with anxiety and frustration, yet amidst it all I cling to a spark of optimism that new updates might come soon."
12,5,Operations,Negative,"Inventory management processes are convoluted and slow, creating an atmosphere of irritation mixed with occasional, small moments of hope when systems unexpectedly perform better."
13,13,IT,Positive,"The self-paced learning options for coding empower me with anticipation and joy, though the lack of immediate feedback sometimes leaves me with a trace of isolation and puzzlement."
14,9,Legal,Positive,"Despite some tools being outdated, strict compliance standards reassure me; however, there’s a subtle undercurrent of disappointment that modern alternatives might serve us better."
15,4,Marketing,Negative,"Using an outdated CRM software in our marketing operations has sparked not just irritation but also a bittersweet feeling of nostalgia for more modern, user-friendly systems."
16,7,Customer Support,Negative,"The clunky and slow ticketing system makes support interactions frustrating and confusing, although the occasional quick resolution sparks a brief sense of satisfaction."
17,2,HR,Negative,"The frequent password change policy is not only overbearing but also breeds frustration and anxiety, leaving me with a sense of resigned irritation despite minor improvements."
18,7,Legal,Positive,"I appreciate the firm adherence to data compliance which makes me feel secure and valued, even though the extra many-step verifications sometimes lead to mild annoyance."
19,8,Sales,Negative,"Excessive security pop-ups disrupt my workflow, creating a mélange of caution, irritation, and a tinge of relief when a session is eventually secured."
20,1,IT,Positive,"The IT team’s rapid responses and clear instructions make me feel deeply valued and reassured, though on busy days the rush sometimes leaves a few details unexplained."
21,10,IT,Negative,"Ongoing struggles with outdated infrastructure leave a lingering sense of frustration and anxiety; however, each small upgrade momentarily ignites hope for lasting change."
22,2,HR,Negative,"When urgent system issues take too long to resolve, I experience waves of irritation and worry, punctuated by occasional moments of relief when a fix finally comes through."
23,10,Finance,Negative,"The overloaded IT team leads to delayed responses that mix disappointment and irritation, yet every once in a while a detailed answer brings a spark of encouragement."
24,10,R&D,Negative,"A lack of proper documentation or training instills uncertainty and persistent frustration, but informal peer support occasionally counters the gloom with a hint of empowerment."
25,7,Legal,Positive,"The cybersecurity training sessions offer valuable insights and foster a sense of confidence, though the occasional overly technical detail leaves me with a subtle trace of confusion."
26,1,IT,Negative,"Many internal systems feel antiquated and cumbersome, stirring a mix of nostalgia, annoyance, and a resigned frustration at inefficiencies."
27,5,IT,Positive,"Regular cybersecurity training sessions are engaging and boost my confidence, even though the fluctuating pace sometimes leaves me both excited and slightly perplexed."
28,3,Finance,Positive,"The recent Excel automation training was incredibly insightful, blending practical 'aha' moments with brief straits of confusion during advanced modules."
29,9,Customer Support,Positive,"The structured ticketing system training was not only informative but also instilled a sense of cautious optimism, despite mild stress when unexpected questions arose."
30,6,Sales,Positive,"Even though our sales database is older, its consistent performance creates a steady sense of satisfaction, intertwined with subtle regrets over its clunky interface."
31,5,IT,Positive,"The company’s excellent training resources inspire pride and aspiration, yet the overwhelming array of options sometimes induces a faint feeling of indecision."
32,12,Finance,Negative,"The lack of modern accounting software makes report generation exasperatingly tedious, leaving me with simmering frustration and occasional doubts about long-term efficiency."
33,12,Marketing,Negative,"Inconsistent training on digital marketing tools often leaves me confused and exasperated, though moments of innovative thinking shine through when a concept finally clicks."
34,2,HR,Negative,"The HR software’s persistent slowness and frequent crashes magnify my stress and disappointment, punctuated by rare moments of relief when it briefly performs well."
35,7,Customer Support,Positive,"Even during off-peak hours, IT support is reliably available, evoking genuine gratitude and security, even though occasional delays leave a trace of dissatisfaction."
36,3,Finance,Positive,"Despite the age of some tools, their sturdy performance fills me with a gentle nostalgia and pride, though at times I can’t help but feel a subtle frustration comparing them to modern alternatives."
37,4,Marketing,Negative,"The strict access restrictions to cloud storage generate recurring bouts of annoyance and a sense of futility, though occasional clarifications from support help ease the tension slightly."
38,11,Finance,Positive,"Regular updates to training materials foster a sense of confidence and steady improvement, even as lingering questions occasionally spark minor confusion."
39,9,Legal,Positive,"It’s heartening when support takes the time to offer detailed explanations, triggering gratitude and trust, even if the sometimes slow pace leaves me intermittently impatient."
40,1,IT,Positive,"The rollout of multi-factor authentication has significantly enhanced our security, leaving me both secure and satisfied, despite intermittent annoyances from repeated prompts."
41,11,HR,Negative,"Continuing reliance on paper-based processes in HR creates operational hurdles that mix nostalgia with profound irritation amidst modern expectations."
42,8,R&D,Negative,"While quick fixes are handled adeptly, more complex technical challenges still leave me struggling with a mix of exasperation and cautious optimism as I await lasting solutions."
43,4,Marketing,Negative,"Recurring technical issues in marketing leave me with a sense of being stuck in a loop of frustration and muddled confusion, though each small fix offers a fleeting spark of hope."
44,10,R&D,Negative,"Gaining access to secure research databases is often cumbersome and slow, evoking anxiety and irritation, yet breakthrough solutions occasionally bring a sigh of relief."
45,6,Sales,Negative,"Waiting for IT support to resolve issues instills prolonged suspense and anxiety, but every eventual resolution injects a bittersweet moment of relief alongside mild joy."
46,8,R&D,Negative,"Consistently outdated software stifles innovation, leaving me with growing frustration and a melancholic sense of stagnation, even though sporadic updates offer minor sparks of hope."
47,3,Finance,Positive,"Encryption for sensitive financial data is robust and well-managed, inspiring pride and reassurance, though sporadic compatibility concerns leave a trace of lingering worry."
48,15,Marketing,Negative,"Running campaigns with outdated software feels both inefficient and frustrating, stirring deep disappointment even as occasional workarounds spark brief moments of triumph."
49,4,Marketing,Negative,"The near absence of proper CRM training has left me with persistent anxiety and confusion, though occasional informal tips from colleagues provide a modest sense of solidarity."
50,14,HR,Negative,"The outdated LMS platform used for training leaves me dismayed and frequently frustrated, yet every now and then, a well-run session brightens the mood with unexpected clarity."